id,firstname,lastname,email,email2,profession
100,Karena,Baylor,Karena.Baylor@yopmail.com,Karena.Baylor@gmail.com,developer
101,Carly,Fleeta,Carly.Fleeta@yopmail.com,Carly.Fleeta@gmail.com,doctor
102,Renie,Carlson,Renie.Carlson@yopmail.com,Renie.Carlson@gmail.com,firefighter
103,Cassondra,Arley,Cassondra.Arley@yopmail.com,Cassondra.Arley@gmail.com,developer
104,Cristabel,Hortensia,Cristabel.Hortensia@yopmail.com,Cristabel.Hortensia@gmail.com,firefighter
105,Halette,Audly,Halette.Audly@yopmail.com,Halette.Audly@gmail.com,police officer
106,Corly,Magnolia,Corly.Magnolia@yopmail.com,Corly.Magnolia@gmail.com,police officer
107,Sharai,Malvino,Sharai.Malvino@yopmail.com,Sharai.Malvino@gmail.com,police officer
108,Deloria,Sherrie,Deloria.Sherrie@yopmail.com,Deloria.Sherrie@gmail.com,police officer
109,Zsa Zsa,Anton,Zsa Zsa.Anton@yopmail.com,Zsa Zsa.Anton@gmail.com,doctor
110,Dolli,Elephus,Dolli.Elephus@yopmail.com,Dolli.Elephus@gmail.com,firefighter
111,Kristan,Yuille,Kristan.Yuille@yopmail.com,Kristan.Yuille@gmail.com,firefighter
112,Sandie,Lorain,Sandie.Lorain@yopmail.com,Sandie.Lorain@gmail.com,firefighter
113,Meghann,Weaks,Meghann.Weaks@yopmail.com,Meghann.Weaks@gmail.com,police officer
114,Fernande,O'Carroll,Fernande.O'Carroll@yopmail.com,Fernande.O'Carroll@gmail.com,firefighter
115,Therine,Tjon,Therine.Tjon@yopmail.com,Therine.Tjon@gmail.com,firefighter
116,Arlena,Garek,Arlena.Garek@yopmail.com,Arlena.Garek@gmail.com,worker
117,Arlina,Margret,Arlina.Margret@yopmail.com,Arlina.Margret@gmail.com,firefighter
118,Leeanne,Glovsky,Leeanne.Glovsky@yopmail.com,Leeanne.Glovsky@gmail.com,firefighter
119,Danika,Scammon,Danika.Scammon@yopmail.com,Danika.Scammon@gmail.com,worker
120,Dawn,Brotherson,Dawn.Brotherson@yopmail.com,Dawn.Brotherson@gmail.com,doctor
121,Thalia,Wooster,Thalia.Wooster@yopmail.com,Thalia.Wooster@gmail.com,doctor
122,Brandise,Garrison,Brandise.Garrison@yopmail.com,Brandise.Garrison@gmail.com,police officer
123,Molli,Sammons,Molli.Sammons@yopmail.com,Molli.Sammons@gmail.com,worker
124,Harmonia,Keelia,Harmonia.Keelia@yopmail.com,Harmonia.Keelia@gmail.com,worker
125,Bettine,Screens,Bettine.Screens@yopmail.com,Bettine.Screens@gmail.com,police officer
126,Nelle,Hanshaw,Nelle.Hanshaw@yopmail.com,Nelle.Hanshaw@gmail.com,firefighter
127,Madelle,Kathie,Madelle.Kathie@yopmail.com,Madelle.Kathie@gmail.com,police officer
128,Celestyna,Nea,Celestyna.Nea@yopmail.com,Celestyna.Nea@gmail.com,firefighter
129,Corina,Margarete,Corina.Margarete@yopmail.com,Corina.Margarete@gmail.com,developer
130,Sean,Sammons,Sean.Sammons@yopmail.com,Sean.Sammons@gmail.com,developer
131,Leeanne,Guthrie,Leeanne.Guthrie@yopmail.com,Leeanne.Guthrie@gmail.com,police officer
132,Consuela,Merna,Consuela.Merna@yopmail.com,Consuela.Merna@gmail.com,police officer
133,Pollyanna,Phyllis,Pollyanna.Phyllis@yopmail.com,Pollyanna.Phyllis@gmail.com,developer
134,Bertine,Narton,Bertine.Narton@yopmail.com,Bertine.Narton@gmail.com,worker
135,Dorthy,Podvin,Dorthy.Podvin@yopmail.com,Dorthy.Podvin@gmail.com,police officer
136,Glynnis,Jalbert,Glynnis.Jalbert@yopmail.com,Glynnis.Jalbert@gmail.com,firefighter
137,Judy,Cloris,Judy.Cloris@yopmail.com,Judy.Cloris@gmail.com,developer
138,Caryl,Roumell,Caryl.Roumell@yopmail.com,Caryl.Roumell@gmail.com,developer
139,Hayley,Rugen,Hayley.Rugen@yopmail.com,Hayley.Rugen@gmail.com,worker
140,Pearline,Radu,Pearline.Radu@yopmail.com,Pearline.Radu@gmail.com,developer
141,Andree,Geffner,Andree.Geffner@yopmail.com,Andree.Geffner@gmail.com,doctor
142,Claudina,Miru,Claudina.Miru@yopmail.com,Claudina.Miru@gmail.com,developer
143,Tobe,Valoniah,Tobe.Valoniah@yopmail.com,Tobe.Valoniah@gmail.com,doctor
144,Candi,Anyah,Candi.Anyah@yopmail.com,Candi.Anyah@gmail.com,worker
145,Jobi,Gemini,Jobi.Gemini@yopmail.com,Jobi.Gemini@gmail.com,doctor
146,Diena,Markman,Diena.Markman@yopmail.com,Diena.Markman@gmail.com,police officer
147,Nerta,Lanita,Nerta.Lanita@yopmail.com,Nerta.Lanita@gmail.com,police officer
148,Jasmina,Dyche,Jasmina.Dyche@yopmail.com,Jasmina.Dyche@gmail.com,worker
149,Maurene,Dituri,Maurene.Dituri@yopmail.com,Maurene.Dituri@gmail.com,developer
150,Kathy,Lytton,Kathy.Lytton@yopmail.com,Kathy.Lytton@gmail.com,doctor
151,Ottilie,Dituri,Ottilie.Dituri@yopmail.com,Ottilie.Dituri@gmail.com,police officer
152,Caritta,Chick,Caritta.Chick@yopmail.com,Caritta.Chick@gmail.com,police officer
153,Ermengarde,Nea,Ermengarde.Nea@yopmail.com,Ermengarde.Nea@gmail.com,worker
154,Liana,Alrich,Liana.Alrich@yopmail.com,Liana.Alrich@gmail.com,doctor
155,Dorothy,Schonfeld,Dorothy.Schonfeld@yopmail.com,Dorothy.Schonfeld@gmail.com,developer
156,Phylis,Berard,Phylis.Berard@yopmail.com,Phylis.Berard@gmail.com,worker
157,Lindie,Hull,Lindie.Hull@yopmail.com,Lindie.Hull@gmail.com,firefighter
158,Yolane,Carbo,Yolane.Carbo@yopmail.com,Yolane.Carbo@gmail.com,police officer
159,Leeanne,Arley,Leeanne.Arley@yopmail.com,Leeanne.Arley@gmail.com,firefighter
160,Gusella,Smitt,Gusella.Smitt@yopmail.com,Gusella.Smitt@gmail.com,doctor
161,Corly,Abernon,Corly.Abernon@yopmail.com,Corly.Abernon@gmail.com,worker
162,Andree,Bergman,Andree.Bergman@yopmail.com,Andree.Bergman@gmail.com,doctor
163,Carree,Bartlett,Carree.Bartlett@yopmail.com,Carree.Bartlett@gmail.com,firefighter
164,Sam,Weinreb,Sam.Weinreb@yopmail.com,Sam.Weinreb@gmail.com,firefighter
165,Elie,Fiester,Elie.Fiester@yopmail.com,Elie.Fiester@gmail.com,worker
166,Merle,Kazimir,Merle.Kazimir@yopmail.com,Merle.Kazimir@gmail.com,doctor
167,Jenda,Fabiola,Jenda.Fabiola@yopmail.com,Jenda.Fabiola@gmail.com,doctor
168,Glynnis,Vivle,Glynnis.Vivle@yopmail.com,Glynnis.Vivle@gmail.com,doctor
169,Joane,Alisia,Joane.Alisia@yopmail.com,Joane.Alisia@gmail.com,worker
170,Ermengarde,Adore,Ermengarde.Adore@yopmail.com,Ermengarde.Adore@gmail.com,police officer
171,Lolita,Ellerey,Lolita.Ellerey@yopmail.com,Lolita.Ellerey@gmail.com,police officer
172,Amii,Carri,Amii.Carri@yopmail.com,Amii.Carri@gmail.com,developer
173,Daune,Mitzi,Daune.Mitzi@yopmail.com,Daune.Mitzi@gmail.com,police officer
174,Winny,Ranjiv,Winny.Ranjiv@yopmail.com,Winny.Ranjiv@gmail.com,police officer
175,Dawn,Shanley,Dawn.Shanley@yopmail.com,Dawn.Shanley@gmail.com,developer
176,Shell,Gombach,Shell.Gombach@yopmail.com,Shell.Gombach@gmail.com,police officer
177,Shannah,Franza,Shannah.Franza@yopmail.com,Shannah.Franza@gmail.com,firefighter
178,Christian,Jarib,Christian.Jarib@yopmail.com,Christian.Jarib@gmail.com,developer
179,Gisela,Rebecka,Gisela.Rebecka@yopmail.com,Gisela.Rebecka@gmail.com,worker
180,Ezmeralda,Sigfrid,Ezmeralda.Sigfrid@yopmail.com,Ezmeralda.Sigfrid@gmail.com,firefighter
181,Quintina,Florina,Quintina.Florina@yopmail.com,Quintina.Florina@gmail.com,police officer
182,Bernardine,Evvie,Bernardine.Evvie@yopmail.com,Bernardine.Evvie@gmail.com,doctor
183,Charlena,Earlie,Charlena.Earlie@yopmail.com,Charlena.Earlie@gmail.com,doctor
184,Harmonia,Heisel,Harmonia.Heisel@yopmail.com,Harmonia.Heisel@gmail.com,police officer
185,Doro,Lauraine,Doro.Lauraine@yopmail.com,Doro.Lauraine@gmail.com,doctor
186,Tybie,Shuler,Tybie.Shuler@yopmail.com,Tybie.Shuler@gmail.com,worker
187,Perry,Hertzfeld,Perry.Hertzfeld@yopmail.com,Perry.Hertzfeld@gmail.com,developer
188,Kaia,Terrence,Kaia.Terrence@yopmail.com,Kaia.Terrence@gmail.com,developer
189,Aigneis,Jess,Aigneis.Jess@yopmail.com,Aigneis.Jess@gmail.com,firefighter
190,Paola,Sibyls,Paola.Sibyls@yopmail.com,Paola.Sibyls@gmail.com,firefighter
191,Leona,Kelula,Leona.Kelula@yopmail.com,Leona.Kelula@gmail.com,worker
192,Corene,Parette,Corene.Parette@yopmail.com,Corene.Parette@gmail.com,police officer
193,Nonnah,Gregrory,Nonnah.Gregrory@yopmail.com,Nonnah.Gregrory@gmail.com,developer
194,Sarette,Breed,Sarette.Breed@yopmail.com,Sarette.Breed@gmail.com,police officer
195,Stevana,Greyson,Stevana.Greyson@yopmail.com,Stevana.Greyson@gmail.com,police officer
196,Mathilda,Love,Mathilda.Love@yopmail.com,Mathilda.Love@gmail.com,worker
197,Kaja,Cleavland,Kaja.Cleavland@yopmail.com,Kaja.Cleavland@gmail.com,firefighter
198,Nickie,Rugen,Nickie.Rugen@yopmail.com,Nickie.Rugen@gmail.com,worker
199,Daryl,Laverne,Daryl.Laverne@yopmail.com,Daryl.Laverne@gmail.com,worker
200,Brietta,Lymann,Brietta.Lymann@yopmail.com,Brietta.Lymann@gmail.com,doctor
201,Emilia,Lilas,Emilia.Lilas@yopmail.com,Emilia.Lilas@gmail.com,firefighter
202,Maryellen,Freddi,Maryellen.Freddi@yopmail.com,Maryellen.Freddi@gmail.com,developer
203,Sissy,Hollingsworth,Sissy.Hollingsworth@yopmail.com,Sissy.Hollingsworth@gmail.com,police officer
204,Myrtice,Amadas,Myrtice.Amadas@yopmail.com,Myrtice.Amadas@gmail.com,firefighter
205,Sue,Birdella,Sue.Birdella@yopmail.com,Sue.Birdella@gmail.com,doctor
206,Jeanna,Weide,Jeanna.Weide@yopmail.com,Jeanna.Weide@gmail.com,worker
207,Elbertina,Alice,Elbertina.Alice@yopmail.com,Elbertina.Alice@gmail.com,firefighter
208,Berta,Darbie,Berta.Darbie@yopmail.com,Berta.Darbie@gmail.com,police officer
209,Kalina,Francene,Kalina.Francene@yopmail.com,Kalina.Francene@gmail.com,police officer
210,Codie,Arathorn,Codie.Arathorn@yopmail.com,Codie.Arathorn@gmail.com,firefighter
211,Meriel,Allare,Meriel.Allare@yopmail.com,Meriel.Allare@gmail.com,police officer
212,Nollie,Natalia,Nollie.Natalia@yopmail.com,Nollie.Natalia@gmail.com,firefighter
213,Robbi,Estella,Robbi.Estella@yopmail.com,Robbi.Estella@gmail.com,firefighter
214,Joelly,Lalitta,Joelly.Lalitta@yopmail.com,Joelly.Lalitta@gmail.com,doctor
215,Viki,Duwalt,Viki.Duwalt@yopmail.com,Viki.Duwalt@gmail.com,doctor
216,Shell,Cecile,Shell.Cecile@yopmail.com,Shell.Cecile@gmail.com,worker
217,Lelah,Forrer,Lelah.Forrer@yopmail.com,Lelah.Forrer@gmail.com,firefighter
218,Heddie,Randene,Heddie.Randene@yopmail.com,Heddie.Randene@gmail.com,worker
219,Julieta,Stav,Julieta.Stav@yopmail.com,Julieta.Stav@gmail.com,developer
220,Shel,Imelida,Shel.Imelida@yopmail.com,Shel.Imelida@gmail.com,developer
221,Shannah,Gert,Shannah.Gert@yopmail.com,Shannah.Gert@gmail.com,developer
222,Maridel,Matthew,Maridel.Matthew@yopmail.com,Maridel.Matthew@gmail.com,police officer
223,Elise,Fulmer,Elise.Fulmer@yopmail.com,Elise.Fulmer@gmail.com,police officer
224,Frieda,Dowski,Frieda.Dowski@yopmail.com,Frieda.Dowski@gmail.com,developer
225,Karolina,Euridice,Karolina.Euridice@yopmail.com,Karolina.Euridice@gmail.com,firefighter
226,Maridel,Sherfield,Maridel.Sherfield@yopmail.com,Maridel.Sherfield@gmail.com,doctor
227,Kara-Lynn,Federica,Kara-Lynn.Federica@yopmail.com,Kara-Lynn.Federica@gmail.com,doctor
228,Lucille,Sisile,Lucille.Sisile@yopmail.com,Lucille.Sisile@gmail.com,worker
229,Dari,Timon,Dari.Timon@yopmail.com,Dari.Timon@gmail.com,developer
230,Lenna,Hoenack,Lenna.Hoenack@yopmail.com,Lenna.Hoenack@gmail.com,doctor
231,Sashenka,Nelsen,Sashenka.Nelsen@yopmail.com,Sashenka.Nelsen@gmail.com,worker
232,Joelly,Hoban,Joelly.Hoban@yopmail.com,Joelly.Hoban@gmail.com,developer
233,Nessie,Gregrory,Nessie.Gregrory@yopmail.com,Nessie.Gregrory@gmail.com,doctor
234,Marika,Chapland,Marika.Chapland@yopmail.com,Marika.Chapland@gmail.com,worker
235,Sallie,Anestassia,Sallie.Anestassia@yopmail.com,Sallie.Anestassia@gmail.com,developer
236,Lolita,Fontana,Lolita.Fontana@yopmail.com,Lolita.Fontana@gmail.com,doctor
237,Diena,Salchunas,Diena.Salchunas@yopmail.com,Diena.Salchunas@gmail.com,firefighter
238,Marline,Nedrud,Marline.Nedrud@yopmail.com,Marline.Nedrud@gmail.com,worker
239,Celestyna,Raseda,Celestyna.Raseda@yopmail.com,Celestyna.Raseda@gmail.com,police officer
240,Christal,Maples,Christal.Maples@yopmail.com,Christal.Maples@gmail.com,doctor
241,Clementine,Agle,Clementine.Agle@yopmail.com,Clementine.Agle@gmail.com,developer
242,Florencia,Ahab,Florencia.Ahab@yopmail.com,Florencia.Ahab@gmail.com,developer
243,Gabi,An,Gabi.An@yopmail.com,Gabi.An@gmail.com,police officer
244,Rosanne,Stefa,Rosanne.Stefa@yopmail.com,Rosanne.Stefa@gmail.com,worker
245,Albertina,Connelly,Albertina.Connelly@yopmail.com,Albertina.Connelly@gmail.com,worker
246,Elora,Viddah,Elora.Viddah@yopmail.com,Elora.Viddah@gmail.com,worker
247,Arabel,Katrine,Arabel.Katrine@yopmail.com,Arabel.Katrine@gmail.com,police officer
248,Vere,Jethro,Vere.Jethro@yopmail.com,Vere.Jethro@gmail.com,firefighter
249,Dania,Kirbee,Dania.Kirbee@yopmail.com,Dania.Kirbee@gmail.com,worker
250,Gilda,Lymann,Gilda.Lymann@yopmail.com,Gilda.Lymann@gmail.com,developer
251,Shirlee,Yusuk,Shirlee.Yusuk@yopmail.com,Shirlee.Yusuk@gmail.com,worker
252,Winny,Sheng,Winny.Sheng@yopmail.com,Winny.Sheng@gmail.com,firefighter
253,Benita,Telfer,Benita.Telfer@yopmail.com,Benita.Telfer@gmail.com,firefighter
254,Jessamyn,Delila,Jessamyn.Delila@yopmail.com,Jessamyn.Delila@gmail.com,firefighter
255,Ruthe,Urias,Ruthe.Urias@yopmail.com,Ruthe.Urias@gmail.com,worker
256,Laure,Allys,Laure.Allys@yopmail.com,Laure.Allys@gmail.com,police officer
257,Augustine,Harl,Augustine.Harl@yopmail.com,Augustine.Harl@gmail.com,developer
258,Barbi,Koehler,Barbi.Koehler@yopmail.com,Barbi.Koehler@gmail.com,developer
259,Marika,Shelba,Marika.Shelba@yopmail.com,Marika.Shelba@gmail.com,doctor
260,Lita,Wareing,Lita.Wareing@yopmail.com,Lita.Wareing@gmail.com,firefighter
261,Jennica,Thomasina,Jennica.Thomasina@yopmail.com,Jennica.Thomasina@gmail.com,police officer
262,Rosene,Gordon,Rosene.Gordon@yopmail.com,Rosene.Gordon@gmail.com,worker
263,Alexine,Juan,Alexine.Juan@yopmail.com,Alexine.Juan@gmail.com,doctor
264,Kenna,Daveta,Kenna.Daveta@yopmail.com,Kenna.Daveta@gmail.com,police officer
265,Philis,Tomasina,Philis.Tomasina@yopmail.com,Philis.Tomasina@gmail.com,doctor
266,Zia,Margret,Zia.Margret@yopmail.com,Zia.Margret@gmail.com,firefighter
267,Loree,Ricarda,Loree.Ricarda@yopmail.com,Loree.Ricarda@gmail.com,doctor
268,Pollyanna,Pulsifer,Pollyanna.Pulsifer@yopmail.com,Pollyanna.Pulsifer@gmail.com,worker
269,Mara,Velick,Mara.Velick@yopmail.com,Mara.Velick@gmail.com,developer
270,Julieta,Drisko,Julieta.Drisko@yopmail.com,Julieta.Drisko@gmail.com,doctor
271,Leona,Ovid,Leona.Ovid@yopmail.com,Leona.Ovid@gmail.com,firefighter
272,Albertina,Elephus,Albertina.Elephus@yopmail.com,Albertina.Elephus@gmail.com,police officer
273,Janis,Girardo,Janis.Girardo@yopmail.com,Janis.Girardo@gmail.com,firefighter
274,Michaelina,Zachary,Michaelina.Zachary@yopmail.com,Michaelina.Zachary@gmail.com,firefighter
275,Fina,Glenden,Fina.Glenden@yopmail.com,Fina.Glenden@gmail.com,firefighter
276,Beatriz,Atcliffe,Beatriz.Atcliffe@yopmail.com,Beatriz.Atcliffe@gmail.com,developer
277,Frieda,Cleavland,Frieda.Cleavland@yopmail.com,Frieda.Cleavland@gmail.com,firefighter
278,Magdalena,Nadia,Magdalena.Nadia@yopmail.com,Magdalena.Nadia@gmail.com,worker
279,Dacia,Bashemeth,Dacia.Bashemeth@yopmail.com,Dacia.Bashemeth@gmail.com,doctor
280,Vanessa,Burkle,Vanessa.Burkle@yopmail.com,Vanessa.Burkle@gmail.com,doctor
281,Dania,Hartnett,Dania.Hartnett@yopmail.com,Dania.Hartnett@gmail.com,developer
282,Korrie,Tamar,Korrie.Tamar@yopmail.com,Korrie.Tamar@gmail.com,police officer
283,Angela,Jobi,Angela.Jobi@yopmail.com,Angela.Jobi@gmail.com,developer
284,Edee,Killigrew,Edee.Killigrew@yopmail.com,Edee.Killigrew@gmail.com,doctor
285,Neila,Socha,Neila.Socha@yopmail.com,Neila.Socha@gmail.com,police officer
286,Ivett,Gerge,Ivett.Gerge@yopmail.com,Ivett.Gerge@gmail.com,worker
287,Hyacinthe,Mozelle,Hyacinthe.Mozelle@yopmail.com,Hyacinthe.Mozelle@gmail.com,doctor
288,Lanna,Rodmann,Lanna.Rodmann@yopmail.com,Lanna.Rodmann@gmail.com,developer
289,Alyssa,Rosalba,Alyssa.Rosalba@yopmail.com,Alyssa.Rosalba@gmail.com,worker
290,Shell,Joeann,Shell.Joeann@yopmail.com,Shell.Joeann@gmail.com,doctor
291,Margette,Berriman,Margette.Berriman@yopmail.com,Margette.Berriman@gmail.com,worker
292,Charissa,Hermes,Charissa.Hermes@yopmail.com,Charissa.Hermes@gmail.com,doctor
293,Sean,Lissi,Sean.Lissi@yopmail.com,Sean.Lissi@gmail.com,doctor
294,Dale,Center,Dale.Center@yopmail.com,Dale.Center@gmail.com,firefighter
295,Ariela,Kat,Ariela.Kat@yopmail.com,Ariela.Kat@gmail.com,developer
296,Charmaine,Henebry,Charmaine.Henebry@yopmail.com,Charmaine.Henebry@gmail.com,police officer
297,Emylee,Annabella,Emylee.Annabella@yopmail.com,Emylee.Annabella@gmail.com,doctor
298,Wynne,Kress,Wynne.Kress@yopmail.com,Wynne.Kress@gmail.com,doctor
299,Tiffie,Eldrid,Tiffie.Eldrid@yopmail.com,Tiffie.Eldrid@gmail.com,police officer
300,Mireielle,Kaja,Mireielle.Kaja@yopmail.com,Mireielle.Kaja@gmail.com,police officer
301,Danny,Trinetta,Danny.Trinetta@yopmail.com,Danny.Trinetta@gmail.com,worker
302,Alia,Gwenore,Alia.Gwenore@yopmail.com,Alia.Gwenore@gmail.com,developer
303,Vita,Joachim,Vita.Joachim@yopmail.com,Vita.Joachim@gmail.com,police officer
304,Brynna,Rillings,Brynna.Rillings@yopmail.com,Brynna.Rillings@gmail.com,developer
305,Cristine,Hanleigh,Cristine.Hanleigh@yopmail.com,Cristine.Hanleigh@gmail.com,police officer
306,Ekaterina,Nunci,Ekaterina.Nunci@yopmail.com,Ekaterina.Nunci@gmail.com,developer
307,Marika,Lauraine,Marika.Lauraine@yopmail.com,Marika.Lauraine@gmail.com,developer
308,Catrina,Leary,Catrina.Leary@yopmail.com,Catrina.Leary@gmail.com,worker
309,Deloria,Orelee,Deloria.Orelee@yopmail.com,Deloria.Orelee@gmail.com,police officer
310,Kristan,Bryna,Kristan.Bryna@yopmail.com,Kristan.Bryna@gmail.com,worker
311,Flo,Haymes,Flo.Haymes@yopmail.com,Flo.Haymes@gmail.com,doctor
312,Kassey,Hazlett,Kassey.Hazlett@yopmail.com,Kassey.Hazlett@gmail.com,worker
313,Valli,Cadmar,Valli.Cadmar@yopmail.com,Valli.Cadmar@gmail.com,developer
314,Deedee,Shields,Deedee.Shields@yopmail.com,Deedee.Shields@gmail.com,worker
315,Chickie,O'Neill,Chickie.O'Neill@yopmail.com,Chickie.O'Neill@gmail.com,developer
316,Rhoda,Ogren,Rhoda.Ogren@yopmail.com,Rhoda.Ogren@gmail.com,firefighter
317,Carilyn,Lilas,Carilyn.Lilas@yopmail.com,Carilyn.Lilas@gmail.com,police officer
318,Robbi,Cadmar,Robbi.Cadmar@yopmail.com,Robbi.Cadmar@gmail.com,firefighter
319,Elsie,Amethist,Elsie.Amethist@yopmail.com,Elsie.Amethist@gmail.com,developer
320,Jaime,Stilwell,Jaime.Stilwell@yopmail.com,Jaime.Stilwell@gmail.com,doctor
321,Karena,Love,Karena.Love@yopmail.com,Karena.Love@gmail.com,firefighter
322,Modestia,McLaughlin,Modestia.McLaughlin@yopmail.com,Modestia.McLaughlin@gmail.com,doctor
323,Valeda,Sawtelle,Valeda.Sawtelle@yopmail.com,Valeda.Sawtelle@gmail.com,firefighter
324,Babita,Zachary,Babita.Zachary@yopmail.com,Babita.Zachary@gmail.com,police officer
325,Emelina,Rubie,Emelina.Rubie@yopmail.com,Emelina.Rubie@gmail.com,police officer
326,Ardenia,Dash,Ardenia.Dash@yopmail.com,Ardenia.Dash@gmail.com,doctor
327,Dania,Dulciana,Dania.Dulciana@yopmail.com,Dania.Dulciana@gmail.com,developer
328,Christian,Schenck,Christian.Schenck@yopmail.com,Christian.Schenck@gmail.com,police officer
329,Nananne,Buttaro,Nananne.Buttaro@yopmail.com,Nananne.Buttaro@gmail.com,doctor
330,Jennica,Engdahl,Jennica.Engdahl@yopmail.com,Jennica.Engdahl@gmail.com,worker
331,Claresta,Claudine,Claresta.Claudine@yopmail.com,Claresta.Claudine@gmail.com,developer
332,Annecorinne,Iphlgenia,Annecorinne.Iphlgenia@yopmail.com,Annecorinne.Iphlgenia@gmail.com,worker
333,Beatriz,Leonard,Beatriz.Leonard@yopmail.com,Beatriz.Leonard@gmail.com,firefighter
334,Ricky,Nicoline,Ricky.Nicoline@yopmail.com,Ricky.Nicoline@gmail.com,police officer
335,Kimmy,Vins,Kimmy.Vins@yopmail.com,Kimmy.Vins@gmail.com,firefighter
336,Zia,Prouty,Zia.Prouty@yopmail.com,Zia.Prouty@gmail.com,police officer
337,Marita,Eliathas,Marita.Eliathas@yopmail.com,Marita.Eliathas@gmail.com,worker
338,Halette,Vanni,Halette.Vanni@yopmail.com,Halette.Vanni@gmail.com,police officer
339,Barbara,Dudley,Barbara.Dudley@yopmail.com,Barbara.Dudley@gmail.com,doctor
340,Sarette,Sherrie,Sarette.Sherrie@yopmail.com,Sarette.Sherrie@gmail.com,developer
341,Taffy,Sherrie,Taffy.Sherrie@yopmail.com,Taffy.Sherrie@gmail.com,doctor
342,Giustina,Arne,Giustina.Arne@yopmail.com,Giustina.Arne@gmail.com,developer
343,Ricky,Chinua,Ricky.Chinua@yopmail.com,Ricky.Chinua@gmail.com,developer
344,Karly,Loeb,Karly.Loeb@yopmail.com,Karly.Loeb@gmail.com,worker
345,Isa,Hachmin,Isa.Hachmin@yopmail.com,Isa.Hachmin@gmail.com,worker
346,Cristine,Lory,Cristine.Lory@yopmail.com,Cristine.Lory@gmail.com,firefighter
347,Addia,Orelee,Addia.Orelee@yopmail.com,Addia.Orelee@gmail.com,police officer
348,Courtnay,Fleeta,Courtnay.Fleeta@yopmail.com,Courtnay.Fleeta@gmail.com,firefighter
349,Sibella,Lia,Sibella.Lia@yopmail.com,Sibella.Lia@gmail.com,developer
350,Layla,Carmena,Layla.Carmena@yopmail.com,Layla.Carmena@gmail.com,firefighter
351,Drucie,Rocray,Drucie.Rocray@yopmail.com,Drucie.Rocray@gmail.com,worker
352,Kial,Simmonds,Kial.Simmonds@yopmail.com,Kial.Simmonds@gmail.com,worker
353,Max,Matthew,Max.Matthew@yopmail.com,Max.Matthew@gmail.com,police officer
354,Jacenta,Koziara,Jacenta.Koziara@yopmail.com,Jacenta.Koziara@gmail.com,worker
355,Kalina,Hazlett,Kalina.Hazlett@yopmail.com,Kalina.Hazlett@gmail.com,doctor
356,Dede,Erminia,Dede.Erminia@yopmail.com,Dede.Erminia@gmail.com,doctor
357,Marti,Firmin,Marti.Firmin@yopmail.com,Marti.Firmin@gmail.com,doctor
358,Ulrike,Allina,Ulrike.Allina@yopmail.com,Ulrike.Allina@gmail.com,firefighter
359,Natka,Shelba,Natka.Shelba@yopmail.com,Natka.Shelba@gmail.com,worker
360,Devina,Paton,Devina.Paton@yopmail.com,Devina.Paton@gmail.com,developer
361,Renae,Haldas,Renae.Haldas@yopmail.com,Renae.Haldas@gmail.com,firefighter
362,Jaime,Billye,Jaime.Billye@yopmail.com,Jaime.Billye@gmail.com,doctor
363,Joy,Zenas,Joy.Zenas@yopmail.com,Joy.Zenas@gmail.com,doctor
364,Codie,Bevin,Codie.Bevin@yopmail.com,Codie.Bevin@gmail.com,worker
365,Berget,Stevy,Berget.Stevy@yopmail.com,Berget.Stevy@gmail.com,police officer
366,Nannie,Vernier,Nannie.Vernier@yopmail.com,Nannie.Vernier@gmail.com,developer
367,Paule,Goth,Paule.Goth@yopmail.com,Paule.Goth@gmail.com,doctor
368,Max,Sawtelle,Max.Sawtelle@yopmail.com,Max.Sawtelle@gmail.com,developer
369,Ileana,Ophelia,Ileana.Ophelia@yopmail.com,Ileana.Ophelia@gmail.com,doctor
370,Claresta,Daegal,Claresta.Daegal@yopmail.com,Claresta.Daegal@gmail.com,firefighter
371,Tatiania,Chapland,Tatiania.Chapland@yopmail.com,Tatiania.Chapland@gmail.com,police officer
372,Roseline,Nerita,Roseline.Nerita@yopmail.com,Roseline.Nerita@gmail.com,firefighter
373,Sheelagh,Peg,Sheelagh.Peg@yopmail.com,Sheelagh.Peg@gmail.com,doctor
374,Shaine,Prouty,Shaine.Prouty@yopmail.com,Shaine.Prouty@gmail.com,worker
375,Janenna,Grayce,Janenna.Grayce@yopmail.com,Janenna.Grayce@gmail.com,police officer
376,Glenda,Dahlia,Glenda.Dahlia@yopmail.com,Glenda.Dahlia@gmail.com,police officer
377,Misha,Alabaster,Misha.Alabaster@yopmail.com,Misha.Alabaster@gmail.com,doctor
378,Chandra,Emmy,Chandra.Emmy@yopmail.com,Chandra.Emmy@gmail.com,doctor
379,Donnie,Quent,Donnie.Quent@yopmail.com,Donnie.Quent@gmail.com,worker
380,Kellen,Rheingold,Kellen.Rheingold@yopmail.com,Kellen.Rheingold@gmail.com,firefighter
381,Aurelie,Kelula,Aurelie.Kelula@yopmail.com,Aurelie.Kelula@gmail.com,worker
382,Loree,Soneson,Loree.Soneson@yopmail.com,Loree.Soneson@gmail.com,worker
383,Cathie,Ashely,Cathie.Ashely@yopmail.com,Cathie.Ashely@gmail.com,worker
384,Collen,Melan,Collen.Melan@yopmail.com,Collen.Melan@gmail.com,developer
385,Mady,Wind,Mady.Wind@yopmail.com,Mady.Wind@gmail.com,police officer
386,Linet,Maribeth,Linet.Maribeth@yopmail.com,Linet.Maribeth@gmail.com,police officer
387,Lynea,Madaih,Lynea.Madaih@yopmail.com,Lynea.Madaih@gmail.com,worker
388,Sibella,Janene,Sibella.Janene@yopmail.com,Sibella.Janene@gmail.com,doctor
389,Arlina,Elo,Arlina.Elo@yopmail.com,Arlina.Elo@gmail.com,police officer
390,Leontine,Haerr,Leontine.Haerr@yopmail.com,Leontine.Haerr@gmail.com,police officer
391,Evita,Salchunas,Evita.Salchunas@yopmail.com,Evita.Salchunas@gmail.com,worker
392,Gerianna,Gaulin,Gerianna.Gaulin@yopmail.com,Gerianna.Gaulin@gmail.com,developer
393,Jany,Maisey,Jany.Maisey@yopmail.com,Jany.Maisey@gmail.com,doctor
394,Amalie,Shaver,Amalie.Shaver@yopmail.com,Amalie.Shaver@gmail.com,worker
395,Theodora,Fax,Theodora.Fax@yopmail.com,Theodora.Fax@gmail.com,developer
396,Florencia,Saint,Florencia.Saint@yopmail.com,Florencia.Saint@gmail.com,worker
397,Linzy,Marijo,Linzy.Marijo@yopmail.com,Linzy.Marijo@gmail.com,firefighter
398,Vevay,Eiser,Vevay.Eiser@yopmail.com,Vevay.Eiser@gmail.com,firefighter
399,Jobi,Helve,Jobi.Helve@yopmail.com,Jobi.Helve@gmail.com,doctor
400,Tarra,Simmonds,Tarra.Simmonds@yopmail.com,Tarra.Simmonds@gmail.com,doctor
401,Vivia,Zrike,Vivia.Zrike@yopmail.com,Vivia.Zrike@gmail.com,police officer
402,Wynne,Toni,Wynne.Toni@yopmail.com,Wynne.Toni@gmail.com,doctor
403,Kaja,Mintz,Kaja.Mintz@yopmail.com,Kaja.Mintz@gmail.com,doctor
404,Zia,Reinke,Zia.Reinke@yopmail.com,Zia.Reinke@gmail.com,firefighter
405,Ericka,Argus,Ericka.Argus@yopmail.com,Ericka.Argus@gmail.com,developer
406,Kamilah,Norvol,Kamilah.Norvol@yopmail.com,Kamilah.Norvol@gmail.com,police officer
407,Violet,Chobot,Violet.Chobot@yopmail.com,Violet.Chobot@gmail.com,police officer
408,Elyssa,Suanne,Elyssa.Suanne@yopmail.com,Elyssa.Suanne@gmail.com,worker
409,Devina,Jammal,Devina.Jammal@yopmail.com,Devina.Jammal@gmail.com,firefighter
410,Larine,Noelyn,Larine.Noelyn@yopmail.com,Larine.Noelyn@gmail.com,doctor
411,Shaine,Francyne,Shaine.Francyne@yopmail.com,Shaine.Francyne@gmail.com,worker
412,Sharlene,Macey,Sharlene.Macey@yopmail.com,Sharlene.Macey@gmail.com,doctor
413,Queenie,Urania,Queenie.Urania@yopmail.com,Queenie.Urania@gmail.com,worker
414,Cristabel,Wilkinson,Cristabel.Wilkinson@yopmail.com,Cristabel.Wilkinson@gmail.com,worker
415,Janeczka,Carmena,Janeczka.Carmena@yopmail.com,Janeczka.Carmena@gmail.com,police officer
416,Rivalee,Jena,Rivalee.Jena@yopmail.com,Rivalee.Jena@gmail.com,police officer
417,Florencia,Evvie,Florencia.Evvie@yopmail.com,Florencia.Evvie@gmail.com,police officer
418,Paulita,Nahum,Paulita.Nahum@yopmail.com,Paulita.Nahum@gmail.com,firefighter
419,Brena,Grayce,Brena.Grayce@yopmail.com,Brena.Grayce@gmail.com,developer
420,Phylis,Malina,Phylis.Malina@yopmail.com,Phylis.Malina@gmail.com,worker
421,Shell,Mauer,Shell.Mauer@yopmail.com,Shell.Mauer@gmail.com,developer
422,Ulrike,Ahab,Ulrike.Ahab@yopmail.com,Ulrike.Ahab@gmail.com,police officer
423,Merle,Publia,Merle.Publia@yopmail.com,Merle.Publia@gmail.com,developer
424,Philis,Constancy,Philis.Constancy@yopmail.com,Philis.Constancy@gmail.com,police officer
425,Andeee,Briney,Andeee.Briney@yopmail.com,Andeee.Briney@gmail.com,firefighter
426,Janeczka,Pillsbury,Janeczka.Pillsbury@yopmail.com,Janeczka.Pillsbury@gmail.com,developer
427,Cristine,Sparhawk,Cristine.Sparhawk@yopmail.com,Cristine.Sparhawk@gmail.com,firefighter
428,Roseline,Wilona,Roseline.Wilona@yopmail.com,Roseline.Wilona@gmail.com,police officer
429,Chere,Winthorpe,Chere.Winthorpe@yopmail.com,Chere.Winthorpe@gmail.com,developer
430,Larine,Boehike,Larine.Boehike@yopmail.com,Larine.Boehike@gmail.com,firefighter
431,Lanae,Ingra,Lanae.Ingra@yopmail.com,Lanae.Ingra@gmail.com,worker
432,Tobe,Alice,Tobe.Alice@yopmail.com,Tobe.Alice@gmail.com,worker
433,Taffy,Payson,Taffy.Payson@yopmail.com,Taffy.Payson@gmail.com,doctor
434,Gilda,Robertson,Gilda.Robertson@yopmail.com,Gilda.Robertson@gmail.com,doctor
435,Susette,Kannry,Susette.Kannry@yopmail.com,Susette.Kannry@gmail.com,developer
436,Britni,Bethany,Britni.Bethany@yopmail.com,Britni.Bethany@gmail.com,police officer
437,Annabela,Stilwell,Annabela.Stilwell@yopmail.com,Annabela.Stilwell@gmail.com,police officer
438,Concettina,Bandeen,Concettina.Bandeen@yopmail.com,Concettina.Bandeen@gmail.com,police officer
439,Karlee,Loeb,Karlee.Loeb@yopmail.com,Karlee.Loeb@gmail.com,doctor
440,Emelina,Ade,Emelina.Ade@yopmail.com,Emelina.Ade@gmail.com,developer
441,Kylynn,Ammann,Kylynn.Ammann@yopmail.com,Kylynn.Ammann@gmail.com,worker
442,Queenie,Yorick,Queenie.Yorick@yopmail.com,Queenie.Yorick@gmail.com,developer
443,Lorie,Sibyls,Lorie.Sibyls@yopmail.com,Lorie.Sibyls@gmail.com,worker
444,Mureil,Killigrew,Mureil.Killigrew@yopmail.com,Mureil.Killigrew@gmail.com,worker
445,Nanete,Esmaria,Nanete.Esmaria@yopmail.com,Nanete.Esmaria@gmail.com,developer
446,Caressa,Catie,Caressa.Catie@yopmail.com,Caressa.Catie@gmail.com,worker
447,Maisey,Chick,Maisey.Chick@yopmail.com,Maisey.Chick@gmail.com,police officer
448,Berget,Land,Berget.Land@yopmail.com,Berget.Land@gmail.com,doctor
449,Pearline,Azeria,Pearline.Azeria@yopmail.com,Pearline.Azeria@gmail.com,firefighter
450,Annaliese,McNully,Annaliese.McNully@yopmail.com,Annaliese.McNully@gmail.com,firefighter
451,Edith,Caitlin,Edith.Caitlin@yopmail.com,Edith.Caitlin@gmail.com,doctor
452,Gerrie,Ardra,Gerrie.Ardra@yopmail.com,Gerrie.Ardra@gmail.com,worker
453,Shaine,Jarib,Shaine.Jarib@yopmail.com,Shaine.Jarib@gmail.com,police officer
454,Elsie,Gombach,Elsie.Gombach@yopmail.com,Elsie.Gombach@gmail.com,police officer
455,Joane,Soneson,Joane.Soneson@yopmail.com,Joane.Soneson@gmail.com,developer
456,Daphne,Pyle,Daphne.Pyle@yopmail.com,Daphne.Pyle@gmail.com,worker
457,Sarette,Rosalba,Sarette.Rosalba@yopmail.com,Sarette.Rosalba@gmail.com,developer
458,Shirlee,Hamil,Shirlee.Hamil@yopmail.com,Shirlee.Hamil@gmail.com,doctor
459,Rayna,Gwenore,Rayna.Gwenore@yopmail.com,Rayna.Gwenore@gmail.com,worker
460,Dennie,Harned,Dennie.Harned@yopmail.com,Dennie.Harned@gmail.com,doctor
461,Jaime,Holtz,Jaime.Holtz@yopmail.com,Jaime.Holtz@gmail.com,worker
462,Gwenneth,Mauer,Gwenneth.Mauer@yopmail.com,Gwenneth.Mauer@gmail.com,firefighter
463,Renae,Zetta,Renae.Zetta@yopmail.com,Renae.Zetta@gmail.com,developer
464,Clo,Whiffen,Clo.Whiffen@yopmail.com,Clo.Whiffen@gmail.com,doctor
465,Ayn,Wenoa,Ayn.Wenoa@yopmail.com,Ayn.Wenoa@gmail.com,developer
466,Melina,Iaverne,Melina.Iaverne@yopmail.com,Melina.Iaverne@gmail.com,doctor
467,Lyssa,Kussell,Lyssa.Kussell@yopmail.com,Lyssa.Kussell@gmail.com,developer
468,Gretal,Robertson,Gretal.Robertson@yopmail.com,Gretal.Robertson@gmail.com,doctor
469,Daphne,Radu,Daphne.Radu@yopmail.com,Daphne.Radu@gmail.com,police officer
470,Georgetta,Felecia,Georgetta.Felecia@yopmail.com,Georgetta.Felecia@gmail.com,police officer
471,Hildegaard,Halsey,Hildegaard.Halsey@yopmail.com,Hildegaard.Halsey@gmail.com,police officer
472,Ellette,Fillbert,Ellette.Fillbert@yopmail.com,Ellette.Fillbert@gmail.com,doctor
473,Alameda,Zrike,Alameda.Zrike@yopmail.com,Alameda.Zrike@gmail.com,worker
474,Misha,Allare,Misha.Allare@yopmail.com,Misha.Allare@gmail.com,worker
475,Sissy,Wolfgram,Sissy.Wolfgram@yopmail.com,Sissy.Wolfgram@gmail.com,doctor
476,Paulita,Ajay,Paulita.Ajay@yopmail.com,Paulita.Ajay@gmail.com,doctor
477,Yolane,Schenck,Yolane.Schenck@yopmail.com,Yolane.Schenck@gmail.com,firefighter
478,Vinita,Oster,Vinita.Oster@yopmail.com,Vinita.Oster@gmail.com,worker
479,Shirlee,Morgun,Shirlee.Morgun@yopmail.com,Shirlee.Morgun@gmail.com,worker
480,Madalyn,Madelene,Madalyn.Madelene@yopmail.com,Madalyn.Madelene@gmail.com,doctor
481,Gerianna,Talia,Gerianna.Talia@yopmail.com,Gerianna.Talia@gmail.com,police officer
482,Sissy,Lenny,Sissy.Lenny@yopmail.com,Sissy.Lenny@gmail.com,developer
483,Doralynne,Schonfeld,Doralynne.Schonfeld@yopmail.com,Doralynne.Schonfeld@gmail.com,doctor
484,Ada,Lemuela,Ada.Lemuela@yopmail.com,Ada.Lemuela@gmail.com,doctor
485,Dari,Darrell,Dari.Darrell@yopmail.com,Dari.Darrell@gmail.com,firefighter
486,Lory,Adlare,Lory.Adlare@yopmail.com,Lory.Adlare@gmail.com,developer
487,Rani,Lasley,Rani.Lasley@yopmail.com,Rani.Lasley@gmail.com,worker
488,Susan,Marden,Susan.Marden@yopmail.com,Susan.Marden@gmail.com,developer
489,Dacia,Sawtelle,Dacia.Sawtelle@yopmail.com,Dacia.Sawtelle@gmail.com,firefighter
490,Almeta,Gaspard,Almeta.Gaspard@yopmail.com,Almeta.Gaspard@gmail.com,firefighter
491,Melina,Avi,Melina.Avi@yopmail.com,Melina.Avi@gmail.com,firefighter
492,Codie,Norrie,Codie.Norrie@yopmail.com,Codie.Norrie@gmail.com,doctor
493,Annora,Sasnett,Annora.Sasnett@yopmail.com,Annora.Sasnett@gmail.com,developer
494,Fawne,Kussell,Fawne.Kussell@yopmail.com,Fawne.Kussell@gmail.com,police officer
495,Mureil,Uund,Mureil.Uund@yopmail.com,Mureil.Uund@gmail.com,developer
496,Gerrie,Lattie,Gerrie.Lattie@yopmail.com,Gerrie.Lattie@gmail.com,worker
497,Valli,Sheng,Valli.Sheng@yopmail.com,Valli.Sheng@gmail.com,worker
498,Selia,Birdella,Selia.Birdella@yopmail.com,Selia.Birdella@gmail.com,doctor
499,Ezmeralda,Carmena,Ezmeralda.Carmena@yopmail.com,Ezmeralda.Carmena@gmail.com,doctor
500,Ninnetta,Hoenack,Ninnetta.Hoenack@yopmail.com,Ninnetta.Hoenack@gmail.com,doctor
501,Chrystel,Thilda,Chrystel.Thilda@yopmail.com,Chrystel.Thilda@gmail.com,police officer
502,Teddie,Soneson,Teddie.Soneson@yopmail.com,Teddie.Soneson@gmail.com,firefighter
503,Luci,Docilla,Luci.Docilla@yopmail.com,Luci.Docilla@gmail.com,worker
504,Cristine,Bow,Cristine.Bow@yopmail.com,Cristine.Bow@gmail.com,developer
505,Trudie,Engdahl,Trudie.Engdahl@yopmail.com,Trudie.Engdahl@gmail.com,worker
506,Latisha,Gunn,Latisha.Gunn@yopmail.com,Latisha.Gunn@gmail.com,developer
507,Pamella,Erminia,Pamella.Erminia@yopmail.com,Pamella.Erminia@gmail.com,doctor
508,Jordan,Eachern,Jordan.Eachern@yopmail.com,Jordan.Eachern@gmail.com,worker
509,Nerta,Suanne,Nerta.Suanne@yopmail.com,Nerta.Suanne@gmail.com,developer
510,Abbie,Berl,Abbie.Berl@yopmail.com,Abbie.Berl@gmail.com,firefighter
511,Meriel,Tengdin,Meriel.Tengdin@yopmail.com,Meriel.Tengdin@gmail.com,police officer
512,Perry,Mich,Perry.Mich@yopmail.com,Perry.Mich@gmail.com,firefighter
513,Dyann,Nerita,Dyann.Nerita@yopmail.com,Dyann.Nerita@gmail.com,doctor
514,Nicoli,Maribeth,Nicoli.Maribeth@yopmail.com,Nicoli.Maribeth@gmail.com,worker
515,Laurene,Karna,Laurene.Karna@yopmail.com,Laurene.Karna@gmail.com,firefighter
516,Justinn,Milde,Justinn.Milde@yopmail.com,Justinn.Milde@gmail.com,worker
517,Constance,Judye,Constance.Judye@yopmail.com,Constance.Judye@gmail.com,doctor
518,Britte,Papageno,Britte.Papageno@yopmail.com,Britte.Papageno@gmail.com,doctor
519,Donetta,Gerge,Donetta.Gerge@yopmail.com,Donetta.Gerge@gmail.com,developer
520,Lisette,Calhoun,Lisette.Calhoun@yopmail.com,Lisette.Calhoun@gmail.com,firefighter
521,Emelina,Monk,Emelina.Monk@yopmail.com,Emelina.Monk@gmail.com,doctor
522,Celene,Winthorpe,Celene.Winthorpe@yopmail.com,Celene.Winthorpe@gmail.com,doctor
523,Keelia,Peg,Keelia.Peg@yopmail.com,Keelia.Peg@gmail.com,firefighter
524,Delilah,Bibi,Delilah.Bibi@yopmail.com,Delilah.Bibi@gmail.com,firefighter
525,Dorene,Kelula,Dorene.Kelula@yopmail.com,Dorene.Kelula@gmail.com,worker
526,Veda,Shanley,Veda.Shanley@yopmail.com,Veda.Shanley@gmail.com,developer
527,Gale,Bury,Gale.Bury@yopmail.com,Gale.Bury@gmail.com,firefighter
528,Marylou,Mata,Marylou.Mata@yopmail.com,Marylou.Mata@gmail.com,firefighter
529,Benita,Corilla,Benita.Corilla@yopmail.com,Benita.Corilla@gmail.com,doctor
530,Xylina,Seessel,Xylina.Seessel@yopmail.com,Xylina.Seessel@gmail.com,police officer
531,Sue,Elo,Sue.Elo@yopmail.com,Sue.Elo@gmail.com,developer
532,Roz,Bonucci,Roz.Bonucci@yopmail.com,Roz.Bonucci@gmail.com,developer
533,Candi,Koziara,Candi.Koziara@yopmail.com,Candi.Koziara@gmail.com,doctor
534,Dominga,Honoria,Dominga.Honoria@yopmail.com,Dominga.Honoria@gmail.com,firefighter
535,Merry,Johnsson,Merry.Johnsson@yopmail.com,Merry.Johnsson@gmail.com,police officer
536,Dorthy,Kiersten,Dorthy.Kiersten@yopmail.com,Dorthy.Kiersten@gmail.com,firefighter
537,Hallie,Toor,Hallie.Toor@yopmail.com,Hallie.Toor@gmail.com,worker
538,Anallese,Lane,Anallese.Lane@yopmail.com,Anallese.Lane@gmail.com,developer
539,Kristina,Merna,Kristina.Merna@yopmail.com,Kristina.Merna@gmail.com,doctor
540,Ida,Bashemeth,Ida.Bashemeth@yopmail.com,Ida.Bashemeth@gmail.com,police officer
541,Deloria,Greyson,Deloria.Greyson@yopmail.com,Deloria.Greyson@gmail.com,firefighter
542,Lila,Pandolfi,Lila.Pandolfi@yopmail.com,Lila.Pandolfi@gmail.com,worker
543,Joceline,Carvey,Joceline.Carvey@yopmail.com,Joceline.Carvey@gmail.com,doctor
544,Inga,Dermott,Inga.Dermott@yopmail.com,Inga.Dermott@gmail.com,worker
545,Jerry,Kenwood,Jerry.Kenwood@yopmail.com,Jerry.Kenwood@gmail.com,doctor
546,Kayla,Bendick,Kayla.Bendick@yopmail.com,Kayla.Bendick@gmail.com,police officer
547,Madalyn,Lea,Madalyn.Lea@yopmail.com,Madalyn.Lea@gmail.com,police officer
548,Goldie,Gaynor,Goldie.Gaynor@yopmail.com,Goldie.Gaynor@gmail.com,developer
549,Brana,Avi,Brana.Avi@yopmail.com,Brana.Avi@gmail.com,firefighter
550,Carilyn,Lory,Carilyn.Lory@yopmail.com,Carilyn.Lory@gmail.com,worker
551,Pierette,Radu,Pierette.Radu@yopmail.com,Pierette.Radu@gmail.com,doctor
552,Clo,Raimondo,Clo.Raimondo@yopmail.com,Clo.Raimondo@gmail.com,developer
553,Danny,Daniele,Danny.Daniele@yopmail.com,Danny.Daniele@gmail.com,developer
554,Bettine,Fitzsimmons,Bettine.Fitzsimmons@yopmail.com,Bettine.Fitzsimmons@gmail.com,doctor
555,Caryl,Jacinda,Caryl.Jacinda@yopmail.com,Caryl.Jacinda@gmail.com,firefighter
556,Romona,Briney,Romona.Briney@yopmail.com,Romona.Briney@gmail.com,firefighter
557,Suzette,Payson,Suzette.Payson@yopmail.com,Suzette.Payson@gmail.com,firefighter
558,Elena,Lauraine,Elena.Lauraine@yopmail.com,Elena.Lauraine@gmail.com,firefighter
559,Evita,Alisia,Evita.Alisia@yopmail.com,Evita.Alisia@gmail.com,firefighter
560,Kellen,Mayeda,Kellen.Mayeda@yopmail.com,Kellen.Mayeda@gmail.com,police officer
561,Aili,Hessler,Aili.Hessler@yopmail.com,Aili.Hessler@gmail.com,worker
562,Cherilyn,Medrek,Cherilyn.Medrek@yopmail.com,Cherilyn.Medrek@gmail.com,doctor
563,Vere,Gaynor,Vere.Gaynor@yopmail.com,Vere.Gaynor@gmail.com,firefighter
564,Laurene,Malvino,Laurene.Malvino@yopmail.com,Laurene.Malvino@gmail.com,doctor
565,Marsiella,Persse,Marsiella.Persse@yopmail.com,Marsiella.Persse@gmail.com,firefighter
566,Phylis,Bashemeth,Phylis.Bashemeth@yopmail.com,Phylis.Bashemeth@gmail.com,police officer
567,Karlee,Brotherson,Karlee.Brotherson@yopmail.com,Karlee.Brotherson@gmail.com,developer
568,Janeczka,Carbo,Janeczka.Carbo@yopmail.com,Janeczka.Carbo@gmail.com,firefighter
569,Kimberley,Riordan,Kimberley.Riordan@yopmail.com,Kimberley.Riordan@gmail.com,worker
570,Chickie,Stover,Chickie.Stover@yopmail.com,Chickie.Stover@gmail.com,firefighter
571,Juliane,Screens,Juliane.Screens@yopmail.com,Juliane.Screens@gmail.com,firefighter
572,Melina,Kronfeld,Melina.Kronfeld@yopmail.com,Melina.Kronfeld@gmail.com,police officer
573,Annecorinne,Soneson,Annecorinne.Soneson@yopmail.com,Annecorinne.Soneson@gmail.com,police officer
574,Xylina,Cadmar,Xylina.Cadmar@yopmail.com,Xylina.Cadmar@gmail.com,doctor
575,Sam,Armanda,Sam.Armanda@yopmail.com,Sam.Armanda@gmail.com,firefighter
576,Joelly,Shirberg,Joelly.Shirberg@yopmail.com,Joelly.Shirberg@gmail.com,doctor
577,Ketti,Hieronymus,Ketti.Hieronymus@yopmail.com,Ketti.Hieronymus@gmail.com,police officer
578,Imojean,Bivins,Imojean.Bivins@yopmail.com,Imojean.Bivins@gmail.com,police officer
579,Chere,Raseda,Chere.Raseda@yopmail.com,Chere.Raseda@gmail.com,developer
580,Ada,Haerr,Ada.Haerr@yopmail.com,Ada.Haerr@gmail.com,worker
581,Marguerite,Gabrielli,Marguerite.Gabrielli@yopmail.com,Marguerite.Gabrielli@gmail.com,police officer
582,Corly,Gibbeon,Corly.Gibbeon@yopmail.com,Corly.Gibbeon@gmail.com,firefighter
583,Celisse,Alexandr,Celisse.Alexandr@yopmail.com,Celisse.Alexandr@gmail.com,firefighter
584,Frieda,Emmy,Frieda.Emmy@yopmail.com,Frieda.Emmy@gmail.com,firefighter
585,Sabina,Garek,Sabina.Garek@yopmail.com,Sabina.Garek@gmail.com,developer
586,Layla,Nance,Layla.Nance@yopmail.com,Layla.Nance@gmail.com,developer
587,Tamqrah,Weaks,Tamqrah.Weaks@yopmail.com,Tamqrah.Weaks@gmail.com,firefighter
588,Lolita,Virgin,Lolita.Virgin@yopmail.com,Lolita.Virgin@gmail.com,developer
589,Mariele,Woodberry,Mariele.Woodberry@yopmail.com,Mariele.Woodberry@gmail.com,worker
590,Kerrin,Edee,Kerrin.Edee@yopmail.com,Kerrin.Edee@gmail.com,police officer
591,Chere,Anyah,Chere.Anyah@yopmail.com,Chere.Anyah@gmail.com,developer
592,Katharina,Fink,Katharina.Fink@yopmail.com,Katharina.Fink@gmail.com,police officer
593,Audrie,Atonsah,Audrie.Atonsah@yopmail.com,Audrie.Atonsah@gmail.com,firefighter
594,Laure,Leler,Laure.Leler@yopmail.com,Laure.Leler@gmail.com,developer
595,Krystle,Simmonds,Krystle.Simmonds@yopmail.com,Krystle.Simmonds@gmail.com,worker
596,Lonnie,Kirstin,Lonnie.Kirstin@yopmail.com,Lonnie.Kirstin@gmail.com,firefighter
597,Catrina,Odysseus,Catrina.Odysseus@yopmail.com,Catrina.Odysseus@gmail.com,firefighter
598,Miquela,Suk,Miquela.Suk@yopmail.com,Miquela.Suk@gmail.com,police officer
599,Candy,Sherfield,Candy.Sherfield@yopmail.com,Candy.Sherfield@gmail.com,police officer
600,Kary,Birdella,Kary.Birdella@yopmail.com,Kary.Birdella@gmail.com,firefighter
601,Briney,Rustice,Briney.Rustice@yopmail.com,Briney.Rustice@gmail.com,worker
602,Brooks,Beebe,Brooks.Beebe@yopmail.com,Brooks.Beebe@gmail.com,firefighter
603,Jillayne,Brady,Jillayne.Brady@yopmail.com,Jillayne.Brady@gmail.com,firefighter
604,Corly,Justinn,Corly.Justinn@yopmail.com,Corly.Justinn@gmail.com,worker
605,Lanna,Janene,Lanna.Janene@yopmail.com,Lanna.Janene@gmail.com,worker
606,Joelly,Melan,Joelly.Melan@yopmail.com,Joelly.Melan@gmail.com,doctor
607,Dominga,Elbertina,Dominga.Elbertina@yopmail.com,Dominga.Elbertina@gmail.com,worker
608,Christy,Nickola,Christy.Nickola@yopmail.com,Christy.Nickola@gmail.com,doctor
609,Maryellen,Simmonds,Maryellen.Simmonds@yopmail.com,Maryellen.Simmonds@gmail.com,worker
610,Maryellen,Franza,Maryellen.Franza@yopmail.com,Maryellen.Franza@gmail.com,firefighter
611,Eadie,Jena,Eadie.Jena@yopmail.com,Eadie.Jena@gmail.com,firefighter
612,Perry,Ludewig,Perry.Ludewig@yopmail.com,Perry.Ludewig@gmail.com,doctor
613,Brana,Harl,Brana.Harl@yopmail.com,Brana.Harl@gmail.com,police officer
614,Allyce,Georas,Allyce.Georas@yopmail.com,Allyce.Georas@gmail.com,developer
615,Kathi,Jacobah,Kathi.Jacobah@yopmail.com,Kathi.Jacobah@gmail.com,police officer
616,Kate,Nore,Kate.Nore@yopmail.com,Kate.Nore@gmail.com,firefighter
617,Alia,Nelsen,Alia.Nelsen@yopmail.com,Alia.Nelsen@gmail.com,worker
618,Aigneis,Leopold,Aigneis.Leopold@yopmail.com,Aigneis.Leopold@gmail.com,developer
619,Jasmina,Kare,Jasmina.Kare@yopmail.com,Jasmina.Kare@gmail.com,developer
620,Gratia,Mathilde,Gratia.Mathilde@yopmail.com,Gratia.Mathilde@gmail.com,doctor
621,Chandra,Kannry,Chandra.Kannry@yopmail.com,Chandra.Kannry@gmail.com,worker
622,Allyce,Wallis,Allyce.Wallis@yopmail.com,Allyce.Wallis@gmail.com,worker
623,Rivalee,Niccolo,Rivalee.Niccolo@yopmail.com,Rivalee.Niccolo@gmail.com,firefighter
624,Celestyna,Vanni,Celestyna.Vanni@yopmail.com,Celestyna.Vanni@gmail.com,developer
625,Magdalena,Borrell,Magdalena.Borrell@yopmail.com,Magdalena.Borrell@gmail.com,firefighter
626,Fayre,Ivens,Fayre.Ivens@yopmail.com,Fayre.Ivens@gmail.com,worker
627,Brena,Darrell,Brena.Darrell@yopmail.com,Brena.Darrell@gmail.com,police officer
628,Flory,Strephon,Flory.Strephon@yopmail.com,Flory.Strephon@gmail.com,firefighter
629,Agnese,Amasa,Agnese.Amasa@yopmail.com,Agnese.Amasa@gmail.com,doctor
630,Fina,Shama,Fina.Shama@yopmail.com,Fina.Shama@gmail.com,firefighter
631,Berget,Parette,Berget.Parette@yopmail.com,Berget.Parette@gmail.com,worker
632,Marguerite,Radu,Marguerite.Radu@yopmail.com,Marguerite.Radu@gmail.com,police officer
633,Shauna,Richers,Shauna.Richers@yopmail.com,Shauna.Richers@gmail.com,developer
634,Calla,Sprage,Calla.Sprage@yopmail.com,Calla.Sprage@gmail.com,doctor
635,Elora,Trace,Elora.Trace@yopmail.com,Elora.Trace@gmail.com,developer
636,Dacia,Kathie,Dacia.Kathie@yopmail.com,Dacia.Kathie@gmail.com,worker
637,Collen,Graig,Collen.Graig@yopmail.com,Collen.Graig@gmail.com,developer
638,Maryellen,Weinreb,Maryellen.Weinreb@yopmail.com,Maryellen.Weinreb@gmail.com,police officer
639,Candi,Soneson,Candi.Soneson@yopmail.com,Candi.Soneson@gmail.com,doctor
640,Sheelagh,Thomasina,Sheelagh.Thomasina@yopmail.com,Sheelagh.Thomasina@gmail.com,worker
641,Nicoli,Riva,Nicoli.Riva@yopmail.com,Nicoli.Riva@gmail.com,worker
642,Madeleine,Campball,Madeleine.Campball@yopmail.com,Madeleine.Campball@gmail.com,developer
643,Ellette,Kannry,Ellette.Kannry@yopmail.com,Ellette.Kannry@gmail.com,worker
644,Minda,Autrey,Minda.Autrey@yopmail.com,Minda.Autrey@gmail.com,firefighter
645,Agnese,Estella,Agnese.Estella@yopmail.com,Agnese.Estella@gmail.com,police officer
646,Viki,Lilas,Viki.Lilas@yopmail.com,Viki.Lilas@gmail.com,firefighter
647,Larine,Mendez,Larine.Mendez@yopmail.com,Larine.Mendez@gmail.com,doctor
648,Jessamyn,Shaddock,Jessamyn.Shaddock@yopmail.com,Jessamyn.Shaddock@gmail.com,police officer
649,Fanny,Rosette,Fanny.Rosette@yopmail.com,Fanny.Rosette@gmail.com,doctor
650,Courtnay,Hepsibah,Courtnay.Hepsibah@yopmail.com,Courtnay.Hepsibah@gmail.com,developer
651,Lenna,Maples,Lenna.Maples@yopmail.com,Lenna.Maples@gmail.com,doctor
652,Almeta,Goode,Almeta.Goode@yopmail.com,Almeta.Goode@gmail.com,doctor
653,Millie,Woodberry,Millie.Woodberry@yopmail.com,Millie.Woodberry@gmail.com,worker
654,Pollyanna,Thema,Pollyanna.Thema@yopmail.com,Pollyanna.Thema@gmail.com,firefighter
655,Ira,Maples,Ira.Maples@yopmail.com,Ira.Maples@gmail.com,worker
656,Mellicent,Jacqui,Mellicent.Jacqui@yopmail.com,Mellicent.Jacqui@gmail.com,firefighter
657,Kaia,Forrer,Kaia.Forrer@yopmail.com,Kaia.Forrer@gmail.com,doctor
658,Tani,Larochelle,Tani.Larochelle@yopmail.com,Tani.Larochelle@gmail.com,developer
659,Vivia,Fennessy,Vivia.Fennessy@yopmail.com,Vivia.Fennessy@gmail.com,worker
660,Dagmar,Colp,Dagmar.Colp@yopmail.com,Dagmar.Colp@gmail.com,police officer
661,Judy,Poll,Judy.Poll@yopmail.com,Judy.Poll@gmail.com,doctor
662,Luci,Mott,Luci.Mott@yopmail.com,Luci.Mott@gmail.com,police officer
663,Caressa,Payson,Caressa.Payson@yopmail.com,Caressa.Payson@gmail.com,police officer
664,Kylynn,Amethist,Kylynn.Amethist@yopmail.com,Kylynn.Amethist@gmail.com,firefighter
665,Wynne,Franza,Wynne.Franza@yopmail.com,Wynne.Franza@gmail.com,developer
666,Susette,Barney,Susette.Barney@yopmail.com,Susette.Barney@gmail.com,police officer
667,Amalie,Cynar,Amalie.Cynar@yopmail.com,Amalie.Cynar@gmail.com,firefighter
668,Raf,Wallis,Raf.Wallis@yopmail.com,Raf.Wallis@gmail.com,worker
669,Violet,Ricki,Violet.Ricki@yopmail.com,Violet.Ricki@gmail.com,doctor
670,Merrie,Yorick,Merrie.Yorick@yopmail.com,Merrie.Yorick@gmail.com,firefighter
671,Ariela,Armanda,Ariela.Armanda@yopmail.com,Ariela.Armanda@gmail.com,police officer
672,Claudina,Cloris,Claudina.Cloris@yopmail.com,Claudina.Cloris@gmail.com,firefighter
673,Glenda,Daveta,Glenda.Daveta@yopmail.com,Glenda.Daveta@gmail.com,developer
674,Leia,Gaynor,Leia.Gaynor@yopmail.com,Leia.Gaynor@gmail.com,developer
675,Neila,Pearse,Neila.Pearse@yopmail.com,Neila.Pearse@gmail.com,worker
676,Zia,Garlinda,Zia.Garlinda@yopmail.com,Zia.Garlinda@gmail.com,developer
677,Jany,Gibbeon,Jany.Gibbeon@yopmail.com,Jany.Gibbeon@gmail.com,doctor
678,Sidoney,Gaal,Sidoney.Gaal@yopmail.com,Sidoney.Gaal@gmail.com,worker
679,Pierette,Bach,Pierette.Bach@yopmail.com,Pierette.Bach@gmail.com,developer
680,Gratia,Zenas,Gratia.Zenas@yopmail.com,Gratia.Zenas@gmail.com,worker
681,Layla,Jefferey,Layla.Jefferey@yopmail.com,Layla.Jefferey@gmail.com,doctor
682,Deloria,Florina,Deloria.Florina@yopmail.com,Deloria.Florina@gmail.com,worker
683,Abbie,Helfand,Abbie.Helfand@yopmail.com,Abbie.Helfand@gmail.com,doctor
684,Tarra,Dearborn,Tarra.Dearborn@yopmail.com,Tarra.Dearborn@gmail.com,police officer
685,Robinia,Brackely,Robinia.Brackely@yopmail.com,Robinia.Brackely@gmail.com,police officer
686,Edee,Emanuel,Edee.Emanuel@yopmail.com,Edee.Emanuel@gmail.com,developer
687,Dulcinea,Johanna,Dulcinea.Johanna@yopmail.com,Dulcinea.Johanna@gmail.com,worker
688,Angela,Ardeha,Angela.Ardeha@yopmail.com,Angela.Ardeha@gmail.com,police officer
689,Shaylyn,Madelene,Shaylyn.Madelene@yopmail.com,Shaylyn.Madelene@gmail.com,doctor
690,Correy,Lory,Correy.Lory@yopmail.com,Correy.Lory@gmail.com,firefighter
691,Carree,Ilka,Carree.Ilka@yopmail.com,Carree.Ilka@gmail.com,police officer
692,Bobinette,Sibyls,Bobinette.Sibyls@yopmail.com,Bobinette.Sibyls@gmail.com,doctor
693,Alameda,Urias,Alameda.Urias@yopmail.com,Alameda.Urias@gmail.com,firefighter
694,Elsie,Wandie,Elsie.Wandie@yopmail.com,Elsie.Wandie@gmail.com,doctor
695,Tonia,Kunin,Tonia.Kunin@yopmail.com,Tonia.Kunin@gmail.com,police officer
696,Yvonne,Heidt,Yvonne.Heidt@yopmail.com,Yvonne.Heidt@gmail.com,police officer
697,Ketti,Shirberg,Ketti.Shirberg@yopmail.com,Ketti.Shirberg@gmail.com,developer
698,Vivia,Raul,Vivia.Raul@yopmail.com,Vivia.Raul@gmail.com,worker
699,Ursulina,Byrne,Ursulina.Byrne@yopmail.com,Ursulina.Byrne@gmail.com,worker
700,Elbertina,Prouty,Elbertina.Prouty@yopmail.com,Elbertina.Prouty@gmail.com,worker
701,Margarette,Nerita,Margarette.Nerita@yopmail.com,Margarette.Nerita@gmail.com,firefighter
702,Tressa,Sprage,Tressa.Sprage@yopmail.com,Tressa.Sprage@gmail.com,firefighter
703,Allis,Carleen,Allis.Carleen@yopmail.com,Allis.Carleen@gmail.com,worker
704,Ayn,Silvan,Ayn.Silvan@yopmail.com,Ayn.Silvan@gmail.com,police officer
705,Nyssa,Hertzfeld,Nyssa.Hertzfeld@yopmail.com,Nyssa.Hertzfeld@gmail.com,firefighter
706,Karlee,Gaynor,Karlee.Gaynor@yopmail.com,Karlee.Gaynor@gmail.com,developer
707,Daphne,Monaco,Daphne.Monaco@yopmail.com,Daphne.Monaco@gmail.com,doctor
708,Magdalena,Dulciana,Magdalena.Dulciana@yopmail.com,Magdalena.Dulciana@gmail.com,worker
709,Jaclyn,Herrera,Jaclyn.Herrera@yopmail.com,Jaclyn.Herrera@gmail.com,firefighter
710,Ottilie,Miru,Ottilie.Miru@yopmail.com,Ottilie.Miru@gmail.com,worker
711,Korrie,Mike,Korrie.Mike@yopmail.com,Korrie.Mike@gmail.com,doctor
712,Brena,Jaylene,Brena.Jaylene@yopmail.com,Brena.Jaylene@gmail.com,doctor
713,Sadie,Malina,Sadie.Malina@yopmail.com,Sadie.Malina@gmail.com,doctor
714,Rayna,Sherfield,Rayna.Sherfield@yopmail.com,Rayna.Sherfield@gmail.com,doctor
715,Tina,Haerr,Tina.Haerr@yopmail.com,Tina.Haerr@gmail.com,developer
716,Marguerite,Tengdin,Marguerite.Tengdin@yopmail.com,Marguerite.Tengdin@gmail.com,firefighter
717,Kassey,Weinreb,Kassey.Weinreb@yopmail.com,Kassey.Weinreb@gmail.com,police officer
718,Sybille,Rugen,Sybille.Rugen@yopmail.com,Sybille.Rugen@gmail.com,doctor
719,Annice,Firmin,Annice.Firmin@yopmail.com,Annice.Firmin@gmail.com,developer
720,Minda,Ehrman,Minda.Ehrman@yopmail.com,Minda.Ehrman@gmail.com,police officer
721,Millie,Sundin,Millie.Sundin@yopmail.com,Millie.Sundin@gmail.com,firefighter
722,Demetris,Serilda,Demetris.Serilda@yopmail.com,Demetris.Serilda@gmail.com,police officer
723,Estell,Haldas,Estell.Haldas@yopmail.com,Estell.Haldas@gmail.com,police officer
724,Shell,Toor,Shell.Toor@yopmail.com,Shell.Toor@gmail.com,police officer
725,Tori,Hamil,Tori.Hamil@yopmail.com,Tori.Hamil@gmail.com,doctor
726,Drucie,Bivins,Drucie.Bivins@yopmail.com,Drucie.Bivins@gmail.com,worker
727,Gilligan,Roarke,Gilligan.Roarke@yopmail.com,Gilligan.Roarke@gmail.com,developer
728,Latisha,Engdahl,Latisha.Engdahl@yopmail.com,Latisha.Engdahl@gmail.com,worker
729,Vevay,Durware,Vevay.Durware@yopmail.com,Vevay.Durware@gmail.com,police officer
730,Hollie,Shelba,Hollie.Shelba@yopmail.com,Hollie.Shelba@gmail.com,doctor
731,Lacie,Bultman,Lacie.Bultman@yopmail.com,Lacie.Bultman@gmail.com,firefighter
732,Gwenneth,Euridice,Gwenneth.Euridice@yopmail.com,Gwenneth.Euridice@gmail.com,police officer
733,Odessa,Ashok,Odessa.Ashok@yopmail.com,Odessa.Ashok@gmail.com,doctor
734,Rozele,Braun,Rozele.Braun@yopmail.com,Rozele.Braun@gmail.com,developer
735,Zondra,Alisia,Zondra.Alisia@yopmail.com,Zondra.Alisia@gmail.com,worker
736,Ronna,Truc,Ronna.Truc@yopmail.com,Ronna.Truc@gmail.com,doctor
737,Audrie,Tremayne,Audrie.Tremayne@yopmail.com,Audrie.Tremayne@gmail.com,worker
738,Nessie,Robertson,Nessie.Robertson@yopmail.com,Nessie.Robertson@gmail.com,doctor
739,Alisha,Jalbert,Alisha.Jalbert@yopmail.com,Alisha.Jalbert@gmail.com,worker
740,Heida,Cottle,Heida.Cottle@yopmail.com,Heida.Cottle@gmail.com,firefighter
741,Stephanie,Lauraine,Stephanie.Lauraine@yopmail.com,Stephanie.Lauraine@gmail.com,worker
742,Marcy,Iaverne,Marcy.Iaverne@yopmail.com,Marcy.Iaverne@gmail.com,police officer
743,Eugine,Hertzfeld,Eugine.Hertzfeld@yopmail.com,Eugine.Hertzfeld@gmail.com,worker
744,Carree,Henrie,Carree.Henrie@yopmail.com,Carree.Henrie@gmail.com,worker
745,Perry,Ephrem,Perry.Ephrem@yopmail.com,Perry.Ephrem@gmail.com,doctor
746,Gavrielle,Barbey,Gavrielle.Barbey@yopmail.com,Gavrielle.Barbey@gmail.com,firefighter
747,Alleen,Virgin,Alleen.Virgin@yopmail.com,Alleen.Virgin@gmail.com,worker
748,Chrystel,Gaynor,Chrystel.Gaynor@yopmail.com,Chrystel.Gaynor@gmail.com,police officer
749,Cathie,Susannah,Cathie.Susannah@yopmail.com,Cathie.Susannah@gmail.com,police officer
750,Veda,Sasnett,Veda.Sasnett@yopmail.com,Veda.Sasnett@gmail.com,police officer
751,Luci,Rubie,Luci.Rubie@yopmail.com,Luci.Rubie@gmail.com,firefighter
752,Kathi,Mauer,Kathi.Mauer@yopmail.com,Kathi.Mauer@gmail.com,police officer
753,Barbara,Buffum,Barbara.Buffum@yopmail.com,Barbara.Buffum@gmail.com,police officer
754,Larine,Genna,Larine.Genna@yopmail.com,Larine.Genna@gmail.com,worker
755,Dotty,Corilla,Dotty.Corilla@yopmail.com,Dotty.Corilla@gmail.com,worker
756,Mireielle,Dreda,Mireielle.Dreda@yopmail.com,Mireielle.Dreda@gmail.com,worker
757,Jere,Liebermann,Jere.Liebermann@yopmail.com,Jere.Liebermann@gmail.com,worker
758,Teriann,Latini,Teriann.Latini@yopmail.com,Teriann.Latini@gmail.com,worker
759,Claudina,Constancy,Claudina.Constancy@yopmail.com,Claudina.Constancy@gmail.com,worker
760,Beverley,Janith,Beverley.Janith@yopmail.com,Beverley.Janith@gmail.com,developer
761,Rhoda,Mauer,Rhoda.Mauer@yopmail.com,Rhoda.Mauer@gmail.com,worker
762,Verla,Cadmar,Verla.Cadmar@yopmail.com,Verla.Cadmar@gmail.com,developer
763,Catharine,Si,Catharine.Si@yopmail.com,Catharine.Si@gmail.com,police officer
764,Clarice,Vernier,Clarice.Vernier@yopmail.com,Clarice.Vernier@gmail.com,developer
765,Joelly,Albertine,Joelly.Albertine@yopmail.com,Joelly.Albertine@gmail.com,doctor
766,Vanessa,Teddman,Vanessa.Teddman@yopmail.com,Vanessa.Teddman@gmail.com,firefighter
767,Daryl,Angelis,Daryl.Angelis@yopmail.com,Daryl.Angelis@gmail.com,worker
768,Clementine,Sikorski,Clementine.Sikorski@yopmail.com,Clementine.Sikorski@gmail.com,doctor
769,Brena,Orlene,Brena.Orlene@yopmail.com,Brena.Orlene@gmail.com,firefighter
770,Nicoli,Woodberry,Nicoli.Woodberry@yopmail.com,Nicoli.Woodberry@gmail.com,doctor
771,Jany,Gherardo,Jany.Gherardo@yopmail.com,Jany.Gherardo@gmail.com,developer
772,Cassandra,Brady,Cassandra.Brady@yopmail.com,Cassandra.Brady@gmail.com,doctor
773,Sarette,Percy,Sarette.Percy@yopmail.com,Sarette.Percy@gmail.com,worker
774,Rosene,Nadia,Rosene.Nadia@yopmail.com,Rosene.Nadia@gmail.com,firefighter
775,Barbi,Sophronia,Barbi.Sophronia@yopmail.com,Barbi.Sophronia@gmail.com,doctor
776,Camile,Elo,Camile.Elo@yopmail.com,Camile.Elo@gmail.com,police officer
777,Roz,Granoff,Roz.Granoff@yopmail.com,Roz.Granoff@gmail.com,developer
778,Kimberley,Bonucci,Kimberley.Bonucci@yopmail.com,Kimberley.Bonucci@gmail.com,worker
779,Tybie,Rosalba,Tybie.Rosalba@yopmail.com,Tybie.Rosalba@gmail.com,doctor
780,Trixi,Bronk,Trixi.Bronk@yopmail.com,Trixi.Bronk@gmail.com,police officer
781,Damaris,Gwenore,Damaris.Gwenore@yopmail.com,Damaris.Gwenore@gmail.com,worker
782,Valli,Lynn,Valli.Lynn@yopmail.com,Valli.Lynn@gmail.com,police officer
783,Wilma,Kenney,Wilma.Kenney@yopmail.com,Wilma.Kenney@gmail.com,developer
784,Dari,Delila,Dari.Delila@yopmail.com,Dari.Delila@gmail.com,developer
785,June,Christine,June.Christine@yopmail.com,June.Christine@gmail.com,firefighter
786,Vere,Fiester,Vere.Fiester@yopmail.com,Vere.Fiester@gmail.com,worker
787,Mireielle,Pierette,Mireielle.Pierette@yopmail.com,Mireielle.Pierette@gmail.com,police officer
788,Zia,Salchunas,Zia.Salchunas@yopmail.com,Zia.Salchunas@gmail.com,worker
789,Lauryn,Wesle,Lauryn.Wesle@yopmail.com,Lauryn.Wesle@gmail.com,police officer
790,Norine,Corrine,Norine.Corrine@yopmail.com,Norine.Corrine@gmail.com,worker
791,Janeczka,Tound,Janeczka.Tound@yopmail.com,Janeczka.Tound@gmail.com,developer
792,Olwen,Uund,Olwen.Uund@yopmail.com,Olwen.Uund@gmail.com,doctor
793,Ernesta,Dituri,Ernesta.Dituri@yopmail.com,Ernesta.Dituri@gmail.com,doctor
794,Tarra,Jacinda,Tarra.Jacinda@yopmail.com,Tarra.Jacinda@gmail.com,police officer
795,Sadie,Hollingsworth,Sadie.Hollingsworth@yopmail.com,Sadie.Hollingsworth@gmail.com,firefighter
796,Nataline,Han,Nataline.Han@yopmail.com,Nataline.Han@gmail.com,doctor
797,Livvyy,Cohdwell,Livvyy.Cohdwell@yopmail.com,Livvyy.Cohdwell@gmail.com,worker
798,Hayley,Lane,Hayley.Lane@yopmail.com,Hayley.Lane@gmail.com,doctor
799,Jeanna,Sharl,Jeanna.Sharl@yopmail.com,Jeanna.Sharl@gmail.com,worker
800,Ricky,Dimitris,Ricky.Dimitris@yopmail.com,Ricky.Dimitris@gmail.com,police officer
801,Dania,Meter,Dania.Meter@yopmail.com,Dania.Meter@gmail.com,developer
802,Bill,Woodberry,Bill.Woodberry@yopmail.com,Bill.Woodberry@gmail.com,firefighter
803,Jean,Stoller,Jean.Stoller@yopmail.com,Jean.Stoller@gmail.com,police officer
804,Dotty,Bashemeth,Dotty.Bashemeth@yopmail.com,Dotty.Bashemeth@gmail.com,firefighter
805,Ernesta,Lytton,Ernesta.Lytton@yopmail.com,Ernesta.Lytton@gmail.com,worker
806,Leia,Borrell,Leia.Borrell@yopmail.com,Leia.Borrell@gmail.com,police officer
807,Monika,Stefa,Monika.Stefa@yopmail.com,Monika.Stefa@gmail.com,police officer
808,Riannon,Campball,Riannon.Campball@yopmail.com,Riannon.Campball@gmail.com,worker
809,Rozele,Faria,Rozele.Faria@yopmail.com,Rozele.Faria@gmail.com,doctor
810,Millie,Fadiman,Millie.Fadiman@yopmail.com,Millie.Fadiman@gmail.com,firefighter
811,Chandra,Tufts,Chandra.Tufts@yopmail.com,Chandra.Tufts@gmail.com,firefighter
812,Robbi,McNully,Robbi.McNully@yopmail.com,Robbi.McNully@gmail.com,police officer
813,Latisha,Tristram,Latisha.Tristram@yopmail.com,Latisha.Tristram@gmail.com,developer
814,Alia,Noman,Alia.Noman@yopmail.com,Alia.Noman@gmail.com,worker
815,Marnia,Oneida,Marnia.Oneida@yopmail.com,Marnia.Oneida@gmail.com,doctor
816,Ermengarde,Kenney,Ermengarde.Kenney@yopmail.com,Ermengarde.Kenney@gmail.com,worker
817,Ermengarde,Winnick,Ermengarde.Winnick@yopmail.com,Ermengarde.Winnick@gmail.com,developer
818,Kary,Sundin,Kary.Sundin@yopmail.com,Kary.Sundin@gmail.com,worker
819,Emmey,Chandler,Emmey.Chandler@yopmail.com,Emmey.Chandler@gmail.com,doctor
820,Modestia,Aldric,Modestia.Aldric@yopmail.com,Modestia.Aldric@gmail.com,worker
821,Alyssa,Shama,Alyssa.Shama@yopmail.com,Alyssa.Shama@gmail.com,developer
822,Vevay,Arathorn,Vevay.Arathorn@yopmail.com,Vevay.Arathorn@gmail.com,firefighter
823,Dacia,Glovsky,Dacia.Glovsky@yopmail.com,Dacia.Glovsky@gmail.com,doctor
824,Dede,Hartnett,Dede.Hartnett@yopmail.com,Dede.Hartnett@gmail.com,doctor
825,Merrie,Revkah,Merrie.Revkah@yopmail.com,Merrie.Revkah@gmail.com,developer
826,Cathyleen,Dyche,Cathyleen.Dyche@yopmail.com,Cathyleen.Dyche@gmail.com,doctor
827,Zsa Zsa,MacIntosh,Zsa Zsa.MacIntosh@yopmail.com,Zsa Zsa.MacIntosh@gmail.com,firefighter
828,Paulita,Vharat,Paulita.Vharat@yopmail.com,Paulita.Vharat@gmail.com,worker
829,Sarette,Charity,Sarette.Charity@yopmail.com,Sarette.Charity@gmail.com,police officer
830,Nariko,Maribeth,Nariko.Maribeth@yopmail.com,Nariko.Maribeth@gmail.com,doctor
831,Antonietta,Nedrud,Antonietta.Nedrud@yopmail.com,Antonietta.Nedrud@gmail.com,police officer
832,Brandise,Boycey,Brandise.Boycey@yopmail.com,Brandise.Boycey@gmail.com,doctor
833,Elfreda,Alejoa,Elfreda.Alejoa@yopmail.com,Elfreda.Alejoa@gmail.com,doctor
834,Nanete,Milde,Nanete.Milde@yopmail.com,Nanete.Milde@gmail.com,developer
835,Elvira,Sidonius,Elvira.Sidonius@yopmail.com,Elvira.Sidonius@gmail.com,firefighter
836,Dianemarie,Bryna,Dianemarie.Bryna@yopmail.com,Dianemarie.Bryna@gmail.com,firefighter
837,Melina,Hourigan,Melina.Hourigan@yopmail.com,Melina.Hourigan@gmail.com,doctor
838,Dorene,Loleta,Dorene.Loleta@yopmail.com,Dorene.Loleta@gmail.com,doctor
839,Kaja,Japeth,Kaja.Japeth@yopmail.com,Kaja.Japeth@gmail.com,firefighter
840,Marguerite,Narton,Marguerite.Narton@yopmail.com,Marguerite.Narton@gmail.com,police officer
841,Ardenia,Waldron,Ardenia.Waldron@yopmail.com,Ardenia.Waldron@gmail.com,police officer
842,Joeann,Thad,Joeann.Thad@yopmail.com,Joeann.Thad@gmail.com,police officer
843,Leeanne,Paine,Leeanne.Paine@yopmail.com,Leeanne.Paine@gmail.com,developer
844,Tracey,Love,Tracey.Love@yopmail.com,Tracey.Love@gmail.com,doctor
845,Merle,Olin,Merle.Olin@yopmail.com,Merle.Olin@gmail.com,police officer
846,Lexine,Kaja,Lexine.Kaja@yopmail.com,Lexine.Kaja@gmail.com,doctor
847,Vanessa,Christine,Vanessa.Christine@yopmail.com,Vanessa.Christine@gmail.com,worker
848,Sam,Ackerley,Sam.Ackerley@yopmail.com,Sam.Ackerley@gmail.com,firefighter
849,Alie,Romelda,Alie.Romelda@yopmail.com,Alie.Romelda@gmail.com,worker
850,Estell,Huggins,Estell.Huggins@yopmail.com,Estell.Huggins@gmail.com,doctor
851,Dianemarie,Vivle,Dianemarie.Vivle@yopmail.com,Dianemarie.Vivle@gmail.com,worker
852,Robbi,Xerxes,Robbi.Xerxes@yopmail.com,Robbi.Xerxes@gmail.com,police officer
853,Ariela,Joni,Ariela.Joni@yopmail.com,Ariela.Joni@gmail.com,developer
854,Correy,Rooney,Correy.Rooney@yopmail.com,Correy.Rooney@gmail.com,police officer
855,Sue,Heisel,Sue.Heisel@yopmail.com,Sue.Heisel@gmail.com,firefighter
856,Daphne,Terrence,Daphne.Terrence@yopmail.com,Daphne.Terrence@gmail.com,doctor
857,Gwenneth,Turne,Gwenneth.Turne@yopmail.com,Gwenneth.Turne@gmail.com,developer
858,Edith,Silvan,Edith.Silvan@yopmail.com,Edith.Silvan@gmail.com,worker
859,Brooks,Mehalek,Brooks.Mehalek@yopmail.com,Brooks.Mehalek@gmail.com,doctor
860,Leontine,Fink,Leontine.Fink@yopmail.com,Leontine.Fink@gmail.com,police officer
861,Shell,Annice,Shell.Annice@yopmail.com,Shell.Annice@gmail.com,police officer
862,Moyna,Clie,Moyna.Clie@yopmail.com,Moyna.Clie@gmail.com,worker
863,Nataline,Seessel,Nataline.Seessel@yopmail.com,Nataline.Seessel@gmail.com,worker
864,Katuscha,Adlare,Katuscha.Adlare@yopmail.com,Katuscha.Adlare@gmail.com,doctor
865,Angelique,Ovid,Angelique.Ovid@yopmail.com,Angelique.Ovid@gmail.com,developer
866,Rozele,Kiersten,Rozele.Kiersten@yopmail.com,Rozele.Kiersten@gmail.com,worker
867,Joeann,Gabrielli,Joeann.Gabrielli@yopmail.com,Joeann.Gabrielli@gmail.com,developer
868,Zia,Orpah,Zia.Orpah@yopmail.com,Zia.Orpah@gmail.com,firefighter
869,Linet,Fry,Linet.Fry@yopmail.com,Linet.Fry@gmail.com,doctor
870,Lizzie,Arquit,Lizzie.Arquit@yopmail.com,Lizzie.Arquit@gmail.com,doctor
871,Wynne,Gaulin,Wynne.Gaulin@yopmail.com,Wynne.Gaulin@gmail.com,police officer
872,Jemie,Vernier,Jemie.Vernier@yopmail.com,Jemie.Vernier@gmail.com,police officer
873,Amara,Cadmar,Amara.Cadmar@yopmail.com,Amara.Cadmar@gmail.com,doctor
874,Leanna,Remmer,Leanna.Remmer@yopmail.com,Leanna.Remmer@gmail.com,developer
875,Margette,Pillsbury,Margette.Pillsbury@yopmail.com,Margette.Pillsbury@gmail.com,worker
876,Giustina,Arquit,Giustina.Arquit@yopmail.com,Giustina.Arquit@gmail.com,doctor
877,Julieta,Bouchard,Julieta.Bouchard@yopmail.com,Julieta.Bouchard@gmail.com,doctor
878,Shel,Gavrila,Shel.Gavrila@yopmail.com,Shel.Gavrila@gmail.com,developer
879,Barbi,Radu,Barbi.Radu@yopmail.com,Barbi.Radu@gmail.com,police officer
880,Aeriela,Flita,Aeriela.Flita@yopmail.com,Aeriela.Flita@gmail.com,police officer
881,Melina,Noelyn,Melina.Noelyn@yopmail.com,Melina.Noelyn@gmail.com,worker
882,Millie,Leffen,Millie.Leffen@yopmail.com,Millie.Leffen@gmail.com,developer
883,Dagmar,Morrill,Dagmar.Morrill@yopmail.com,Dagmar.Morrill@gmail.com,doctor
884,Jacenta,Seessel,Jacenta.Seessel@yopmail.com,Jacenta.Seessel@gmail.com,police officer
885,Bibby,Fink,Bibby.Fink@yopmail.com,Bibby.Fink@gmail.com,worker
886,Robbi,Delila,Robbi.Delila@yopmail.com,Robbi.Delila@gmail.com,doctor
887,Dorothy,Dorothy,Dorothy.Dorothy@yopmail.com,Dorothy.Dorothy@gmail.com,police officer
888,Nanete,Garek,Nanete.Garek@yopmail.com,Nanete.Garek@gmail.com,worker
889,Eolanda,Pandolfi,Eolanda.Pandolfi@yopmail.com,Eolanda.Pandolfi@gmail.com,worker
890,Cathyleen,Septima,Cathyleen.Septima@yopmail.com,Cathyleen.Septima@gmail.com,worker
891,Harrietta,Gombach,Harrietta.Gombach@yopmail.com,Harrietta.Gombach@gmail.com,firefighter
892,Georgetta,Pacorro,Georgetta.Pacorro@yopmail.com,Georgetta.Pacorro@gmail.com,worker
893,Nelle,Bevin,Nelle.Bevin@yopmail.com,Nelle.Bevin@gmail.com,police officer
894,Sissy,Thunell,Sissy.Thunell@yopmail.com,Sissy.Thunell@gmail.com,firefighter
895,Flo,Whiffen,Flo.Whiffen@yopmail.com,Flo.Whiffen@gmail.com,firefighter
896,Roberta,Poppy,Roberta.Poppy@yopmail.com,Roberta.Poppy@gmail.com,developer
897,Noelle,Cath,Noelle.Cath@yopmail.com,Noelle.Cath@gmail.com,developer
898,Deloria,Virgin,Deloria.Virgin@yopmail.com,Deloria.Virgin@gmail.com,worker
899,Gaylene,Gaspard,Gaylene.Gaspard@yopmail.com,Gaylene.Gaspard@gmail.com,developer
900,Elise,Thunell,Elise.Thunell@yopmail.com,Elise.Thunell@gmail.com,doctor
901,Cindelyn,Hachmin,Cindelyn.Hachmin@yopmail.com,Cindelyn.Hachmin@gmail.com,police officer
902,Cissiee,Flyn,Cissiee.Flyn@yopmail.com,Cissiee.Flyn@gmail.com,worker
903,Agnese,Kimmie,Agnese.Kimmie@yopmail.com,Agnese.Kimmie@gmail.com,doctor
904,Merrie,Carleen,Merrie.Carleen@yopmail.com,Merrie.Carleen@gmail.com,developer
905,Nonnah,Krystle,Nonnah.Krystle@yopmail.com,Nonnah.Krystle@gmail.com,doctor
906,Antonietta,Tryck,Antonietta.Tryck@yopmail.com,Antonietta.Tryck@gmail.com,doctor
907,Ginnie,Riva,Ginnie.Riva@yopmail.com,Ginnie.Riva@gmail.com,firefighter
908,Betta,Cohdwell,Betta.Cohdwell@yopmail.com,Betta.Cohdwell@gmail.com,worker
909,Jean,Izaak,Jean.Izaak@yopmail.com,Jean.Izaak@gmail.com,worker
910,Collen,Ajay,Collen.Ajay@yopmail.com,Collen.Ajay@gmail.com,developer
911,Leanna,Nerita,Leanna.Nerita@yopmail.com,Leanna.Nerita@gmail.com,developer
912,Reeba,Quent,Reeba.Quent@yopmail.com,Reeba.Quent@gmail.com,developer
913,Ricky,Tjon,Ricky.Tjon@yopmail.com,Ricky.Tjon@gmail.com,worker
914,Sandie,Niles,Sandie.Niles@yopmail.com,Sandie.Niles@gmail.com,police officer
915,Berget,Rozanna,Berget.Rozanna@yopmail.com,Berget.Rozanna@gmail.com,doctor
916,Nariko,Buckler,Nariko.Buckler@yopmail.com,Nariko.Buckler@gmail.com,police officer
917,Chandra,Gilbertson,Chandra.Gilbertson@yopmail.com,Chandra.Gilbertson@gmail.com,firefighter
918,Etta,Madelene,Etta.Madelene@yopmail.com,Etta.Madelene@gmail.com,firefighter
919,Calla,Klemperer,Calla.Klemperer@yopmail.com,Calla.Klemperer@gmail.com,developer
920,Lisette,Nunci,Lisette.Nunci@yopmail.com,Lisette.Nunci@gmail.com,police officer
921,Chandra,Pauly,Chandra.Pauly@yopmail.com,Chandra.Pauly@gmail.com,firefighter
922,Lanae,Alrich,Lanae.Alrich@yopmail.com,Lanae.Alrich@gmail.com,firefighter
923,Ulrike,Emmaline,Ulrike.Emmaline@yopmail.com,Ulrike.Emmaline@gmail.com,developer
924,Nelle,Pulsifer,Nelle.Pulsifer@yopmail.com,Nelle.Pulsifer@gmail.com,firefighter
925,Kerrin,Arne,Kerrin.Arne@yopmail.com,Kerrin.Arne@gmail.com,doctor
926,Livvyy,Burch,Livvyy.Burch@yopmail.com,Livvyy.Burch@gmail.com,developer
927,Merry,Klotz,Merry.Klotz@yopmail.com,Merry.Klotz@gmail.com,police officer
928,Jordan,Ricarda,Jordan.Ricarda@yopmail.com,Jordan.Ricarda@gmail.com,doctor
929,Merry,Ferrell,Merry.Ferrell@yopmail.com,Merry.Ferrell@gmail.com,firefighter
930,Kimberley,Vanni,Kimberley.Vanni@yopmail.com,Kimberley.Vanni@gmail.com,police officer
931,Quintina,Mullane,Quintina.Mullane@yopmail.com,Quintina.Mullane@gmail.com,worker
932,Nollie,Bartlett,Nollie.Bartlett@yopmail.com,Nollie.Bartlett@gmail.com,doctor
933,Cam,Merell,Cam.Merell@yopmail.com,Cam.Merell@gmail.com,worker
934,Kirbee,Greenwald,Kirbee.Greenwald@yopmail.com,Kirbee.Greenwald@gmail.com,firefighter
935,Felice,Kesley,Felice.Kesley@yopmail.com,Felice.Kesley@gmail.com,doctor
936,Sibella,Tyson,Sibella.Tyson@yopmail.com,Sibella.Tyson@gmail.com,doctor
937,Ashlee,Wenoa,Ashlee.Wenoa@yopmail.com,Ashlee.Wenoa@gmail.com,police officer
938,Catrina,Erlandson,Catrina.Erlandson@yopmail.com,Catrina.Erlandson@gmail.com,developer
939,Marjie,Tamar,Marjie.Tamar@yopmail.com,Marjie.Tamar@gmail.com,developer
940,Cherrita,Barrus,Cherrita.Barrus@yopmail.com,Cherrita.Barrus@gmail.com,developer
941,Dulcinea,Lenny,Dulcinea.Lenny@yopmail.com,Dulcinea.Lenny@gmail.com,doctor
942,Helena,Dawkins,Helena.Dawkins@yopmail.com,Helena.Dawkins@gmail.com,worker
943,Sheree,Ries,Sheree.Ries@yopmail.com,Sheree.Ries@gmail.com,police officer
944,Amalie,Bonucci,Amalie.Bonucci@yopmail.com,Amalie.Bonucci@gmail.com,doctor
945,Verla,Matthew,Verla.Matthew@yopmail.com,Verla.Matthew@gmail.com,police officer
946,Larine,Roumell,Larine.Roumell@yopmail.com,Larine.Roumell@gmail.com,police officer
947,Kate,Alexandr,Kate.Alexandr@yopmail.com,Kate.Alexandr@gmail.com,doctor
948,Florie,Raffo,Florie.Raffo@yopmail.com,Florie.Raffo@gmail.com,developer
949,Lelah,Schroth,Lelah.Schroth@yopmail.com,Lelah.Schroth@gmail.com,firefighter
950,Vita,Caitlin,Vita.Caitlin@yopmail.com,Vita.Caitlin@gmail.com,firefighter
951,Dede,Grosz,Dede.Grosz@yopmail.com,Dede.Grosz@gmail.com,firefighter
952,Cyndie,Arathorn,Cyndie.Arathorn@yopmail.com,Cyndie.Arathorn@gmail.com,firefighter
953,Kathi,Dominy,Kathi.Dominy@yopmail.com,Kathi.Dominy@gmail.com,doctor
954,Marjie,Marijo,Marjie.Marijo@yopmail.com,Marjie.Marijo@gmail.com,developer
955,Tatiania,Chandler,Tatiania.Chandler@yopmail.com,Tatiania.Chandler@gmail.com,police officer
956,Roslyn,Arne,Roslyn.Arne@yopmail.com,Roslyn.Arne@gmail.com,firefighter
957,Perry,Ricarda,Perry.Ricarda@yopmail.com,Perry.Ricarda@gmail.com,developer
958,Pierette,Devlen,Pierette.Devlen@yopmail.com,Pierette.Devlen@gmail.com,worker
959,Emilia,Gaspard,Emilia.Gaspard@yopmail.com,Emilia.Gaspard@gmail.com,police officer
960,Danny,Horan,Danny.Horan@yopmail.com,Danny.Horan@gmail.com,police officer
961,Goldie,Ackerley,Goldie.Ackerley@yopmail.com,Goldie.Ackerley@gmail.com,worker
962,Tomasina,Gaal,Tomasina.Gaal@yopmail.com,Tomasina.Gaal@gmail.com,worker
963,Leontine,Bennie,Leontine.Bennie@yopmail.com,Leontine.Bennie@gmail.com,doctor
964,Robinia,Belanger,Robinia.Belanger@yopmail.com,Robinia.Belanger@gmail.com,doctor
965,Audrie,Emmaline,Audrie.Emmaline@yopmail.com,Audrie.Emmaline@gmail.com,worker
966,Kara-Lynn,Cath,Kara-Lynn.Cath@yopmail.com,Kara-Lynn.Cath@gmail.com,developer
967,Merle,Vharat,Merle.Vharat@yopmail.com,Merle.Vharat@gmail.com,developer
968,Elka,Sophronia,Elka.Sophronia@yopmail.com,Elka.Sophronia@gmail.com,police officer
969,Merle,Dom,Merle.Dom@yopmail.com,Merle.Dom@gmail.com,developer
970,Cathie,Roscoe,Cathie.Roscoe@yopmail.com,Cathie.Roscoe@gmail.com,firefighter
971,Allis,Amand,Allis.Amand@yopmail.com,Allis.Amand@gmail.com,developer
972,Kellen,Weaks,Kellen.Weaks@yopmail.com,Kellen.Weaks@gmail.com,worker
973,Arlena,Fiann,Arlena.Fiann@yopmail.com,Arlena.Fiann@gmail.com,developer
974,Brynna,Chick,Brynna.Chick@yopmail.com,Brynna.Chick@gmail.com,police officer
975,Jessy,Chobot,Jessy.Chobot@yopmail.com,Jessy.Chobot@gmail.com,police officer
976,Anallese,Madaih,Anallese.Madaih@yopmail.com,Anallese.Madaih@gmail.com,firefighter
977,Alie,Amand,Alie.Amand@yopmail.com,Alie.Amand@gmail.com,worker
978,Lynea,Henebry,Lynea.Henebry@yopmail.com,Lynea.Henebry@gmail.com,developer
979,Coral,Alrich,Coral.Alrich@yopmail.com,Coral.Alrich@gmail.com,developer
980,Vivia,Deegan,Vivia.Deegan@yopmail.com,Vivia.Deegan@gmail.com,doctor
981,Meghann,Susannah,Meghann.Susannah@yopmail.com,Meghann.Susannah@gmail.com,developer
982,Silvana,Dimitris,Silvana.Dimitris@yopmail.com,Silvana.Dimitris@gmail.com,doctor
983,Kristina,Serilda,Kristina.Serilda@yopmail.com,Kristina.Serilda@gmail.com,worker
984,Pierette,Jarib,Pierette.Jarib@yopmail.com,Pierette.Jarib@gmail.com,police officer
985,Jacenta,Chabot,Jacenta.Chabot@yopmail.com,Jacenta.Chabot@gmail.com,police officer
986,Ingrid,Janene,Ingrid.Janene@yopmail.com,Ingrid.Janene@gmail.com,police officer
987,Aili,Knowling,Aili.Knowling@yopmail.com,Aili.Knowling@gmail.com,doctor
988,Cissiee,Phi,Cissiee.Phi@yopmail.com,Cissiee.Phi@gmail.com,worker
989,Stevana,Stuart,Stevana.Stuart@yopmail.com,Stevana.Stuart@gmail.com,police officer
990,Nariko,Raseda,Nariko.Raseda@yopmail.com,Nariko.Raseda@gmail.com,developer
991,Aigneis,Noman,Aigneis.Noman@yopmail.com,Aigneis.Noman@gmail.com,doctor
992,Abbie,Milde,Abbie.Milde@yopmail.com,Abbie.Milde@gmail.com,firefighter
993,Ana,Lea,Ana.Lea@yopmail.com,Ana.Lea@gmail.com,developer
994,Angelique,Sperling,Angelique.Sperling@yopmail.com,Angelique.Sperling@gmail.com,police officer
995,Patricia,Stacy,Patricia.Stacy@yopmail.com,Patricia.Stacy@gmail.com,developer
996,Gratia,Read,Gratia.Read@yopmail.com,Gratia.Read@gmail.com,developer
997,Sharai,Koziara,Sharai.Koziara@yopmail.com,Sharai.Koziara@gmail.com,doctor
998,Robbi,Drus,Robbi.Drus@yopmail.com,Robbi.Drus@gmail.com,worker
999,Roseline,Chrystel,Roseline.Chrystel@yopmail.com,Roseline.Chrystel@gmail.com,firefighter
1000,Marjie,Kosey,Marjie.Kosey@yopmail.com,Marjie.Kosey@gmail.com,worker
1001,Caryl,Daniele,Caryl.Daniele@yopmail.com,Caryl.Daniele@gmail.com,worker
1002,Kylynn,Nunci,Kylynn.Nunci@yopmail.com,Kylynn.Nunci@gmail.com,doctor
1003,Sindee,Trey,Sindee.Trey@yopmail.com,Sindee.Trey@gmail.com,police officer
1004,Vere,Pozzy,Vere.Pozzy@yopmail.com,Vere.Pozzy@gmail.com,doctor
1005,Phedra,My,Phedra.My@yopmail.com,Phedra.My@gmail.com,worker
1006,Pearline,Charity,Pearline.Charity@yopmail.com,Pearline.Charity@gmail.com,police officer
1007,Wendi,Alabaster,Wendi.Alabaster@yopmail.com,Wendi.Alabaster@gmail.com,worker
1008,Ninnetta,Haymes,Ninnetta.Haymes@yopmail.com,Ninnetta.Haymes@gmail.com,developer
1009,Kathy,Vacuva,Kathy.Vacuva@yopmail.com,Kathy.Vacuva@gmail.com,developer
1010,Shaine,Cosenza,Shaine.Cosenza@yopmail.com,Shaine.Cosenza@gmail.com,worker
1011,Felice,Zeeba,Felice.Zeeba@yopmail.com,Felice.Zeeba@gmail.com,police officer
1012,Alleen,Haerr,Alleen.Haerr@yopmail.com,Alleen.Haerr@gmail.com,firefighter
1013,Tobe,Nahum,Tobe.Nahum@yopmail.com,Tobe.Nahum@gmail.com,worker
1014,Carlie,Annice,Carlie.Annice@yopmail.com,Carlie.Annice@gmail.com,firefighter
1015,Emilia,Pillsbury,Emilia.Pillsbury@yopmail.com,Emilia.Pillsbury@gmail.com,firefighter
1016,Yetty,Kevon,Yetty.Kevon@yopmail.com,Yetty.Kevon@gmail.com,developer
1017,Luci,Narton,Luci.Narton@yopmail.com,Luci.Narton@gmail.com,doctor
1018,Helena,Holbrook,Helena.Holbrook@yopmail.com,Helena.Holbrook@gmail.com,developer
1019,Caryl,Lipson,Caryl.Lipson@yopmail.com,Caryl.Lipson@gmail.com,police officer
1020,Carlie,Tayib,Carlie.Tayib@yopmail.com,Carlie.Tayib@gmail.com,firefighter
1021,Kial,Erb,Kial.Erb@yopmail.com,Kial.Erb@gmail.com,developer
1022,Dorice,Linskey,Dorice.Linskey@yopmail.com,Dorice.Linskey@gmail.com,firefighter
1023,Joeann,Stanwood,Joeann.Stanwood@yopmail.com,Joeann.Stanwood@gmail.com,developer
1024,Mallory,Simmonds,Mallory.Simmonds@yopmail.com,Mallory.Simmonds@gmail.com,doctor
1025,Sabina,Medrek,Sabina.Medrek@yopmail.com,Sabina.Medrek@gmail.com,firefighter
1026,Roz,Berriman,Roz.Berriman@yopmail.com,Roz.Berriman@gmail.com,firefighter
1027,Fanny,Salchunas,Fanny.Salchunas@yopmail.com,Fanny.Salchunas@gmail.com,worker
1028,Peri,Natalia,Peri.Natalia@yopmail.com,Peri.Natalia@gmail.com,developer
1029,Bernie,Valerio,Bernie.Valerio@yopmail.com,Bernie.Valerio@gmail.com,worker
1030,Larine,Phaidra,Larine.Phaidra@yopmail.com,Larine.Phaidra@gmail.com,doctor
1031,Natka,Percy,Natka.Percy@yopmail.com,Natka.Percy@gmail.com,developer
1032,Jan,Weide,Jan.Weide@yopmail.com,Jan.Weide@gmail.com,firefighter
1033,Flory,Byrne,Flory.Byrne@yopmail.com,Flory.Byrne@gmail.com,firefighter
1034,Reeba,Weitman,Reeba.Weitman@yopmail.com,Reeba.Weitman@gmail.com,developer
1035,Millie,Buttaro,Millie.Buttaro@yopmail.com,Millie.Buttaro@gmail.com,developer
1036,Lenna,Gombach,Lenna.Gombach@yopmail.com,Lenna.Gombach@gmail.com,doctor
1037,Carlie,Screens,Carlie.Screens@yopmail.com,Carlie.Screens@gmail.com,worker
1038,Ekaterina,Baylor,Ekaterina.Baylor@yopmail.com,Ekaterina.Baylor@gmail.com,firefighter
1039,Lory,Nelsen,Lory.Nelsen@yopmail.com,Lory.Nelsen@gmail.com,police officer
1040,Elfreda,Byrne,Elfreda.Byrne@yopmail.com,Elfreda.Byrne@gmail.com,police officer
1041,Sashenka,Billye,Sashenka.Billye@yopmail.com,Sashenka.Billye@gmail.com,police officer
1042,Elsie,Gemini,Elsie.Gemini@yopmail.com,Elsie.Gemini@gmail.com,doctor
1043,Millie,Aurelio,Millie.Aurelio@yopmail.com,Millie.Aurelio@gmail.com,worker
1044,Modestia,Katrine,Modestia.Katrine@yopmail.com,Modestia.Katrine@gmail.com,worker
1045,Augustine,Rudolph,Augustine.Rudolph@yopmail.com,Augustine.Rudolph@gmail.com,firefighter
1046,Annora,Redmond,Annora.Redmond@yopmail.com,Annora.Redmond@gmail.com,police officer
1047,Dorene,Belanger,Dorene.Belanger@yopmail.com,Dorene.Belanger@gmail.com,firefighter
1048,Sidoney,Sekofski,Sidoney.Sekofski@yopmail.com,Sidoney.Sekofski@gmail.com,worker
1049,Tierney,Hashim,Tierney.Hashim@yopmail.com,Tierney.Hashim@gmail.com,doctor
1050,Emilia,Anton,Emilia.Anton@yopmail.com,Emilia.Anton@gmail.com,worker
1051,Aili,Stacy,Aili.Stacy@yopmail.com,Aili.Stacy@gmail.com,worker
1052,Yolane,Yorick,Yolane.Yorick@yopmail.com,Yolane.Yorick@gmail.com,developer
1053,Candy,Havens,Candy.Havens@yopmail.com,Candy.Havens@gmail.com,worker
1054,Allyce,Callista,Allyce.Callista@yopmail.com,Allyce.Callista@gmail.com,developer
1055,Krystle,Virgin,Krystle.Virgin@yopmail.com,Krystle.Virgin@gmail.com,worker
1056,Nadine,Havens,Nadine.Havens@yopmail.com,Nadine.Havens@gmail.com,doctor
1057,Yvonne,Lowry,Yvonne.Lowry@yopmail.com,Yvonne.Lowry@gmail.com,developer
1058,Pollyanna,Rurik,Pollyanna.Rurik@yopmail.com,Pollyanna.Rurik@gmail.com,developer
1059,Pearline,Suanne,Pearline.Suanne@yopmail.com,Pearline.Suanne@gmail.com,doctor
1060,Merrie,Strephon,Merrie.Strephon@yopmail.com,Merrie.Strephon@gmail.com,police officer
1061,Peri,Brandice,Peri.Brandice@yopmail.com,Peri.Brandice@gmail.com,doctor
1062,Roberta,Fredi,Roberta.Fredi@yopmail.com,Roberta.Fredi@gmail.com,doctor
1063,Barbara,Ethban,Barbara.Ethban@yopmail.com,Barbara.Ethban@gmail.com,worker
1064,Shel,Wooster,Shel.Wooster@yopmail.com,Shel.Wooster@gmail.com,police officer
1065,Johna,Audly,Johna.Audly@yopmail.com,Johna.Audly@gmail.com,developer
1066,Kayla,Israeli,Kayla.Israeli@yopmail.com,Kayla.Israeli@gmail.com,police officer
1067,Maye,Poll,Maye.Poll@yopmail.com,Maye.Poll@gmail.com,doctor
1068,Hollie,Bohlin,Hollie.Bohlin@yopmail.com,Hollie.Bohlin@gmail.com,firefighter
1069,Emelina,Destinee,Emelina.Destinee@yopmail.com,Emelina.Destinee@gmail.com,firefighter
1070,Kate,Chaing,Kate.Chaing@yopmail.com,Kate.Chaing@gmail.com,worker
1071,Dawn,Kauppi,Dawn.Kauppi@yopmail.com,Dawn.Kauppi@gmail.com,firefighter
1072,Jaclyn,Anselmi,Jaclyn.Anselmi@yopmail.com,Jaclyn.Anselmi@gmail.com,developer
1073,Amalie,Markman,Amalie.Markman@yopmail.com,Amalie.Markman@gmail.com,doctor
1074,Gianina,Stacy,Gianina.Stacy@yopmail.com,Gianina.Stacy@gmail.com,firefighter
1075,Dennie,Sacken,Dennie.Sacken@yopmail.com,Dennie.Sacken@gmail.com,firefighter
1076,Daune,Kiyoshi,Daune.Kiyoshi@yopmail.com,Daune.Kiyoshi@gmail.com,police officer
1077,Millie,Dowski,Millie.Dowski@yopmail.com,Millie.Dowski@gmail.com,firefighter
1078,Vinita,Terencio,Vinita.Terencio@yopmail.com,Vinita.Terencio@gmail.com,worker
1079,Shirlee,Yorick,Shirlee.Yorick@yopmail.com,Shirlee.Yorick@gmail.com,firefighter
1080,Petronia,Sikorski,Petronia.Sikorski@yopmail.com,Petronia.Sikorski@gmail.com,police officer
1081,Delilah,Chinua,Delilah.Chinua@yopmail.com,Delilah.Chinua@gmail.com,doctor
1082,Maryellen,Ax,Maryellen.Ax@yopmail.com,Maryellen.Ax@gmail.com,worker
1083,Chandra,Amadas,Chandra.Amadas@yopmail.com,Chandra.Amadas@gmail.com,police officer
1084,Sarette,Markman,Sarette.Markman@yopmail.com,Sarette.Markman@gmail.com,developer
1085,Ardenia,Ummersen,Ardenia.Ummersen@yopmail.com,Ardenia.Ummersen@gmail.com,police officer
1086,Jenda,Center,Jenda.Center@yopmail.com,Jenda.Center@gmail.com,doctor
1087,Arlina,Dichy,Arlina.Dichy@yopmail.com,Arlina.Dichy@gmail.com,worker
1088,Carly,Colleen,Carly.Colleen@yopmail.com,Carly.Colleen@gmail.com,doctor
1089,Aurore,Barbey,Aurore.Barbey@yopmail.com,Aurore.Barbey@gmail.com,firefighter
1090,Alejandra,Tamar,Alejandra.Tamar@yopmail.com,Alejandra.Tamar@gmail.com,doctor
1091,Flo,Goddard,Flo.Goddard@yopmail.com,Flo.Goddard@gmail.com,worker
1092,Fredericka,Janene,Fredericka.Janene@yopmail.com,Fredericka.Janene@gmail.com,police officer
1093,Juliane,Pip,Juliane.Pip@yopmail.com,Juliane.Pip@gmail.com,firefighter
1094,Roseline,Karl,Roseline.Karl@yopmail.com,Roseline.Karl@gmail.com,doctor
1095,Concettina,Jillane,Concettina.Jillane@yopmail.com,Concettina.Jillane@gmail.com,doctor
1096,Winny,Magnolia,Winny.Magnolia@yopmail.com,Winny.Magnolia@gmail.com,developer
1097,Arlina,Hamil,Arlina.Hamil@yopmail.com,Arlina.Hamil@gmail.com,developer
1098,Lorie,Cottle,Lorie.Cottle@yopmail.com,Lorie.Cottle@gmail.com,developer
1099,Zia,Durante,Zia.Durante@yopmail.com,Zia.Durante@gmail.com,firefighter